date,Afghanistan,Armenia,Azerbaijan,Bahrain,Bangladesh,Bhutan,Brunei,Cambodia,China,Georgia,Hong Kong,India,Indonesia,Iran,Iraq,Israel,Japan,Jordan,Kazakhstan,Kuwait,Kyrgyzstan,Laos,Lebanon,Macao,Malaysia,Maldives,Mongolia,Myanmar,Nepal,North Korea,Northern Cyprus,Oman,Pakistan,Palestine,Philippines,Qatar,Saudi Arabia,Singapore,South Korea,Sri Lanka,Syria,Taiwan,Tajikistan,Thailand,Timor,Turkey,Turkmenistan,United Arab Emirates,Uzbekistan,Vietnam,Yemen
2020-01-31,,,,,,,,0.012,0.7197777777777778,,0.17811111111111114,0.0005,,,,,0.011555555555555557,,,,,,,0.9587777777777777,0.03357142857142857,,,,0.004714285714285714,,,,,,0.0045,,,0.25611111111111107,0.021333333333333333,0.0092,,0.042,,0.023333333333333334,,,,0.14133333333333334,,0.0022222222222222222,
2020-02-29,0.02033333333333333,,,4.641333333333333,,,,0.0,1.6799310344827587,0.06675,0.382448275862069,6.896551724137931e-05,,0.6088181818181818,0.048666666666666664,0.07055555555555555,0.0639655172413793,,,1.757,,,0.08088888888888889,0.14879310344827584,0.021241379310344827,,,,0.0,,,0.2185,0.0032,,0.0006206896551724137,0.371,,0.5444827586206896,2.0889310344827585,0.0,,0.04193103448275862,,0.01110344827586207,,,,0.06213793103448276,,0.004896551724137932,
2020-03-31,0.13213333333333332,6.172129032258065,0.9281290322580644,11.52509677419355,0.012499999999999999,0.1966153846153846,12.491434782608696,0.20780645161290323,0.08625806451612902,0.9389354838709677,2.5198709677419355,0.03170967741935484,0.18483333333333332,16.03306451612903,0.4936774193548387,20.24546666666667,0.5230967741935484,0.8371379310344828,0.9307894736842105,1.8438709677419354,1.152642857142857,0.14950000000000002,2.738290322580645,1.4383548387096774,2.60141935483871,1.4317916666666666,0.16045454545454546,0.05539999999999999,0.0042580645161290325,,,1.3111935483870967,0.2890967741935484,0.8392962962962962,0.5809354838709677,9.335774193548387,1.4309666666666667,4.715516129032258,4.131193548387097,0.2097741935483871,0.0452,0.3821935483870968,,0.7238709677419355,0.0746,7.550142857142857,,2.197032258064516,0.2921764705882353,0.06441935483870967,
2020-04-30,1.3462,18.39013333333333,4.846433333333334,55.9919,1.4829666666666668,0.1278,0.6681,0.025866666666666666,0.06273333333333334,3.819,1.5890333333333333,0.7872,1.0393333333333332,18.834733333333336,1.042,35.908566666666665,3.2348333333333334,0.5286000000000001,5.2565,29.164533333333335,3.2123,0.044333333333333336,1.5483,0.19176666666666667,3.1784000000000003,28.63693333333333,0.255,0.0836,0.05666666666666667,,,15.704,2.2610666666666663,1.4284666666666666,1.8472333333333333,156.1829,19.400133333333333,90.13619999999999,0.6356,0.794,0.04973333333333333,0.14946666666666666,,0.6058,0.5716333333333333,41.6653,,41.72173333333333,1.7972,0.0197,0.008476190476190476
2020-05-31,10.473032258064515,83.71748387096775,11.491806451612902,183.13148387096774,7.440677419354839,1.4841290322580645,0.21551612903225806,0.005806451612903225,0.015482758620689655,2.1020000000000003,0.2025483870967742,3.545161290322581,1.9150967741935485,20.701193548387096,3.1564516129032256,4.038516129032258,0.6395483870967742,0.8174193548387096,12.399032258064516,173.94425806451613,4.874741935483871,0.0,2.908677419354839,0.0,1.7270645161290323,80.3683870967742,1.3383870967741935,0.04341935483870968,1.6542333333333334,,,64.06780645161291,7.433903225806452,0.6388709677419355,2.6793225806451613,520.6641935483871,55.38190322580645,107.09725806451613,0.45387096774193547,1.4332903225806453,0.11509677419354838,0.017580645161290324,12.338870967741935,0.05725806451612904,0.0,16.53241935483871,,75.42841935483871,1.4756129032258065,0.019,0.3034516129032258
2020-06-30,13.1822,194.931,38.713766666666665,347.7701333333333,19.146833333333333,1.4484,0.0,0.03183333333333333,0.016266666666666665,1.2907666666666666,0.5387333333333333,9.2878,3.6191000000000004,28.68273333333333,31.965300000000003,29.4882,0.5012333333333333,1.1606666666666667,19.6756,149.5472,18.892166666666665,0.0,3.3881,0.047933333333333335,0.8053666666666667,37.419,0.4021666666666667,0.046,13.085733333333334,,,208.56,19.931433333333334,12.571233333333334,5.604066666666667,484.5527666666667,96.64513333333333,53.35556666666666,0.8665333333333333,0.632,0.23646666666666669,0.007000000000000001,7.009766666666667,0.04196666666666667,0.0,14.0472,,49.8174,4.697566666666666,0.0091,0.8260333333333333
2020-07-31,4.065064516129032,150.9143870967742,44.702548387096776,311.6610322580645,17.36983870967742,0.9894193548387097,0.0,0.18861290322580643,0.02541935483870968,2.0676129032258066,8.903548387096773,25.277548387096775,6.087483870967741,27.883483870967744,54.73483870967742,158.0505806451613,4.593677419354838,0.5050333333333333,113.17925806451613,156.8891935483871,147.4052258064516,0.004290322580645161,16.317806451612903,0.0,0.32025806451612904,88.18954838709676,0.6739354838709677,0.03203225806451613,6.554612903225807,,,275.536,8.86874193548387,57.81174193548387,15.587612903225807,174.83151612903225,75.38229032258064,47.485580645161285,0.9250645161290323,1.134774193548387,0.6970322580645162,0.027,4.751483870967742,0.06570000000000001,0.0,11.70516129032258,,40.451,14.444903225806451,0.06664516129032258,0.5456451612903226
2020-08-31,1.2705483870967742,60.68825806451613,14.191709677419354,240.80103225806454,14.195935483870969,5.1120322580645166,0.21551612903225803,0.06738709677419355,0.028774193548387096,2.7482258064516127,6.624935483870967,45.41474193548387,7.776999999999999,25.867548387096775,79.98158064516129,154.2132580645161,8.361387096774193,2.4038064516129034,67.02716129032258,137.16654838709678,39.37254838709677,0.008580645161290323,74.93741935483871,0.0,0.34596774193548385,247.01716129032258,0.09493548387096774,0.31487096774193546,20.791451612903224,,,46.26222580645161,2.399774193548387,66.9237741935484,35.581548387096774,96.74564516129031,35.321999999999996,26.363709677419354,3.6394838709677417,0.34577419354838707,2.927645161290323,0.03472413793103449,3.8374193548387097,0.046,0.07219354838709677,14.83974193548387,,33.228096774193546,16.660193548387095,0.15961290322580646,0.22853333333333334
2020-09-30,0.8964,78.8595,12.2095,427.73923333333335,9.83,2.4282,0.14846666666666666,0.006,0.0222,41.88503333333333,1.2328666666666668,61.6584,13.576766666666666,30.870133333333335,95.92373333333333,460.38376666666665,4.085966666666667,28.918133333333333,17.242366666666666,156.73876666666666,13.930433333333333,0.004433333333333333,135.5618,0.0,1.8505,158.2671,0.1177,7.684966666666667,41.854933333333335,,,93.6929,2.3968,109.0142,26.213166666666666,86.35323333333332,17.242166666666666,5.635366666666667,2.3847666666666667,0.5054000000000001,2.1619,0.0364,3.9385,0.07083333333333333,0.024866666666666665,18.955233333333336,,84.5908,14.269833333333334,0.017,0.07513333333333333
2020-10-31,1.5528709677419357,457.7316451612903,46.838967741935484,236.2216129032258,8.33,2.7621290322580645,0.14367741935483871,0.02696774193548387,0.031193548387096773,282.09116129032253,1.0166129032258064,42.599548387096775,14.411225806451613,56.66632258064516,79.49151612903226,228.52051612903225,4.6178064516129025,173.73132258064518,14.953387096774193,156.75325806451613,59.39693548387097,0.004290322580645161,244.4088387096774,0.0,19.317870967741936,84.24822580645161,0.25625806451612904,23.41864516129032,98.12925806451614,,,111.71864516129033,2.894967741935484,83.69158064516128,19.270967741935483,81.34135483870968,11.231709677419355,1.430741935483871,1.7095161290322582,10.760903225806452,2.2276774193548388,0.05545161290322581,4.054451612903226,0.0973225806451613,0.048129032258064516,21.43348387096774,,131.33667741935483,9.515967741935484,0.028193548387096774,0.027838709677419353
2020-11-30,3.9559333333333333,543.2051,212.09543333333335,120.24783333333333,11.147333333333334,2.5986,0.14846666666666666,0.06966666666666667,0.025733333333333334,860.3816,4.4110000000000005,30.076966666666667,15.5831,131.48723333333334,59.869699999999995,80.57993333333334,12.773933333333334,433.64823333333334,42.726099999999995,130.47123333333334,71.8887,0.0664,283.6562,0.0,33.54023333333333,86.03826666666667,4.3550666666666675,23.383433333333336,68.42763333333333,,,67.4853,9.401399999999999,203.97803333333331,14.682566666666666,77.63383333333333,9.226666666666667,1.2004666666666668,5.157366666666666,20.3431,3.2527,0.16746666666666668,3.9452,0.10146666666666666,0.0,102.91236666666667,,127.9189,5.9316666666666675,0.056666666666666664,0.013866666666666666
2020-12-31,4.796161290322581,281.7460967741936,303.71806451612906,125.30854838709678,9.153870967741934,10.718870967741934,0.5029032258064516,0.10006451612903225,0.01796774193548387,791.1717096774194,10.906548387096775,18.753806451612903,23.923,95.83448387096774,30.98632258064516,293.83893548387096,22.622,214.55312903225806,44.28961290322581,60.06706451612903,38.219580645161294,0.008580645161290323,314.71596774193546,0.0,44.97074193548387,45.942354838709676,3.9012903225806452,20.193935483870966,28.660677419354837,,,36.428935483870966,11.175,321.6972580645161,11.84541935483871,59.85709677419354,4.767483870967742,2.1803225806451616,16.881806451612903,28.53441935483871,5.171483870967742,0.1674516129032258,4.894032258064517,1.298451612903226,0.33670967741935487,291.6058333333333,,133.1236451612903,3.694548387096774,0.0387741935483871,0.02106451612903226
2021-01-31,2.1121612903225806,88.3698064516129,35.87348387096774,227.47919354838712,4.075677419354839,7.791774193548387,1.6523870967741934,0.16932258064516129,0.08251612903225806,264.4045161290323,6.917774193548387,10.718838709677419,39.238290322580646,70.25583870967742,17.649290322580647,751.6514838709677,40.33583870967742,92.49658064516129,57.61809677419355,110.87729032258065,17.29016129032258,0.012838709677419355,702.4770645161291,0.046387096774193545,96.90190322580645,128.3429677419355,5.543387096774193,9.237548387096773,10.946451612903225,,,38.48012903225806,8.788612903225806,128.77235483870967,14.391129032258064,89.77954838709678,4.725032258064516,5.362129032258064,10.420967741935485,30.81874193548387,3.811258064516129,0.15129032258064518,0.15870967741935485,5.353193548387098,0.6253870967741936,101.60764516129032,,327.2808064516129,1.5380322580645163,0.1155483870967742,0.021096774193548384
2021-02-28,0.6001071428571428,64.63439285714286,14.888357142857144,469.08696428571426,2.311071428571428,0.36514285714285716,0.47721428571428565,0.7540357142857143,0.015464285714285713,120.62825,2.6372500000000003,8.936928571428572,33.22764285714286,85.97596428571428,60.882535714285716,500.3250357142857,12.071392857142857,203.27242857142855,49.473107142857145,214.13242857142856,8.957392857142858,0.00475,481.40414285714286,0.05135714285714286,90.28278571428572,269.4604642857143,11.854464285714286,1.15425,3.7225714285714284,,,55.956,5.2909999999999995,167.68474999999998,15.679678571428571,163.37664285714285,9.131357142857143,2.5343214285714284,7.9422500000000005,30.97828571428571,2.4858571428571428,0.06585714285714286,0.0,3.571,1.1450357142857144,93.79364285714284,,332.5681071428571,1.2531785714285715,0.22960714285714287,0.17375
2021-03-31,0.5804193548387097,238.77354838709675,84.63396774193549,483.15770967741935,12.263354838709677,0.24735483870967742,1.8678387096774194,3.1166451612903225,0.014741935483870969,94.79145161290322,1.9900645161290322,25.252967741935482,20.733709677419355,92.67354838709677,112.68470967741936,195.6103548387097,11.047516129032259,630.211129032258,57.79945161290322,311.7154516129032,11.12625806451613,0.017161290322580645,548.5301935483872,0.0,42.53270967741936,263.953,52.5868064516129,0.32035483870967746,3.343258064516129,,,124.92132258064517,12.525161290322579,360.92251612903226,47.71629032258064,195.0949677419355,11.184903225806453,2.5465483870967742,8.471645161290322,14.20216129032258,4.8420000000000005,0.10135483870967742,0.0,1.3101935483870968,11.808483870967741,232.68774193548387,,238.8996129032258,2.7415806451612905,0.050967741935483875,1.983516129032258
2021-04-30,2.6672333333333333,280.82759999999996,184.7061,735.5926666666667,28.7867,8.562666666666667,0.8908,21.791633333333333,0.020366666666666665,254.14943333333335,1.3664999999999998,163.3134,18.9541,230.94639999999998,160.5196,19.812379310344827,31.648033333333334,294.75193333333334,134.1496,327.0799,33.86813333333333,3.1344,353.25266666666664,0.047933333333333335,62.086400000000005,366.29903333333334,270.05083333333334,0.23566666666666666,50.06183333333333,,,247.90766666666664,21.5679,343.5442333333333,83.70096666666667,317.7087666666667,25.045233333333332,4.517833333333333,12.219633333333332,23.573833333333333,5.7612000000000005,0.13673333333333335,0.0,16.871933333333335,41.5517,587.2146666666666,,207.5738,7.642266666666667,0.11043333333333334,1.9388666666666665
2021-05-31,9.484806451612902,76.64051612903226,46.23777419354839,1393.468612903226,7.802838709677419,22.50958064516129,1.2931290322580646,32.11216129032258,0.020935483870967744,289.92229032258064,0.28880645161290325,205.08970967741936,17.953774193548387,150.83748387096773,98.70593548387097,3.3934516129032257,40.00416129032258,71.91690322580645,112.0768064516129,266.2248387096774,45.993870967741934,4.9482580645161285,81.14841935483871,0.09277419354838709,155.54264516129032,2128.436870967742,213.19503225806451,0.4835161290322581,251.44803225806453,,,168.97012903225806,13.310193548387096,73.04345161290321,53.8311935483871,141.3061612903226,29.30251612903226,5.184645161290322,11.308612903225807,115.57087096774194,2.569,9.967612903225806,0.0,42.58019354838709,113.46741935483871,162.08667741935483,,172.8878064516129,8.875032258064515,1.479709677419355,0.40683870967741936
2021-06-30,37.946733333333334,29.07176666666667,6.729166666666667,572.7339666666667,21.948333333333334,20.4483,1.3362333333333332,40.337133333333334,0.0282,196.87253333333334,0.3652,52.606833333333334,43.14186666666667,109.70039999999999,108.2881,8.120733333333332,14.278666666666668,43.91923333333333,68.30776666666667,370.6274666666667,101.921,0.9252,27.190033333333336,0.1438,176.4206,598.3222333333334,559.4735666666667,8.396899999999999,84.57083333333334,,,373.8172666666667,5.029766666666666,36.932766666666666,52.57283333333333,57.053533333333334,34.01743333333334,3.1222333333333334,10.887366666666667,111.03656666666666,1.5367,8.779333333333334,0.6396999999999999,46.263733333333334,55.36926666666667,68.8405,,219.1508,9.9555,3.2659666666666665,0.17606666666666668
2021-07-31,22.349096774193548,58.18229032258065,24.29767741935484,73.5988064516129,63.35787096774194,17.10890322580645,5.531935483870967,51.669451612903224,0.03851612903225806,460.52609677419355,0.263,28.32051612903226,144.1811935483871,242.78129032258065,203.49364516129032,110.06790322580645,33.056774193548385,55.18748387096774,361.1334,310.9068387096774,184.33048387096773,17.899516129032257,97.03729032258065,0.23196774193548386,343.40670967741937,223.79958064516129,471.46851612903225,84.49122580645161,59.75232258064516,,,192.52067741935485,10.454612903225806,15.796967741935484,49.243419354838714,49.88690322580645,33.790032258064514,13.745483870967742,26.18706451612903,73.46829032258064,0.6532258064516129,1.1743870967741936,5.11116129032258,152.06729032258065,40.30761290322581,113.92332258064516,,163.83693548387095,17.37367741935484,43.698193548387096,0.13493548387096774
2021-08-31,4.757612903225806,139.50983870967744,252.38829032258064,73.48916129032257,47.323258064516125,3.3392903225806454,170.62932258064515,30.419129032258066,0.05603225806451613,1122.342935483871,0.5515483870967742,26.290935483870967,79.63693548387097,408.3889032258065,189.61499999999998,656.6115806451612,147.75990322580645,75.49825806451612,382.6666774193548,90.8978064516129,62.47648387096774,37.34129032258064,240.24851612903225,0.18561290322580642,601.6454838709677,226.63251612903227,463.8651935483871,59.597258064516126,71.02406451612903,,,45.41629032258064,17.62532258064516,156.9500322580645,111.90822580645163,77.85851612903225,15.58290322580645,15.101806451612903,33.404935483870965,194.2828387096774,2.846032258064516,0.4334516129032258,5.736741935483871,273.3013870967742,139.1045806451613,249.95896774193548,,128.1693870967742,25.214806451612905,102.51554838709677,0.773483870967742
2021-09-30,1.5836666666666666,234.51643333333334,189.90333333333334,56.98800000000001,10.766666666666667,0.21300000000000002,326.94733333333335,38.955400000000004,0.03883333333333334,562.6290666666666,0.4882758620689655,22.482899999999997,15.160666666666666,223.96880000000002,86.26443333333333,761.5128,56.66186666666667,79.1343,170.56913333333335,14.016133333333332,14.0661,39.095299999999995,133.36376666666666,0.38356666666666667,490.53943333333336,235.2688,1652.5749666666668,39.8638,35.369800000000005,,,10.700066666666666,11.710666666666667,390.0515,161.56506666666667,48.222766666666665,3.4936000000000003,170.8999333333333,38.809266666666666,117.6781,9.476366666666667,0.31803333333333333,0.7770333333333334,185.38430000000002,69.98196666666666,299.08906666666667,,62.21706666666667,16.846899999999998,111.57603333333333,1.1850999999999998
2021-10-31,0.8439354838709677,540.9732903225806,147.82916129032256,38.8261935483871,2.568064516129032,0.824516129032258,432.0693225806451,11.294677419354839,0.034709677419354844,915.2199032258064,0.6766333333333333,11.815999999999999,3.4252903225806453,122.98351612903225,37.658258064516126,154.44545161290324,4.494677419354839,110.39209677419355,95.49035483870968,7.7303225806451605,13.266838709677419,70.36861290322581,104.55864516129031,0.27838709677419354,214.76125806451614,174.22374193548387,1977.2554516129032,21.432354838709678,18.489451612903228,,,3.679483870967742,3.696258064516129,302.7974838709677,66.24454838709678,31.167258064516126,1.3139354838709678,582.8575483870967,32.75435483870968,35.011935483870964,13.035709677419353,0.2550322580645161,0.006483870967741936,138.82345161290323,7.022516129032258,332.22148387096775,,13.369709677419355,11.242193548387096,42.830451612903225,0.6931290322580644
2021-11-30,0.8420333333333333,361.9529,183.26436666666666,19.49413333333333,1.3133666666666666,0.8094,143.1322,3.2046,0.0503,1125.2047666666667,0.4008333333333333,7.314066666666666,1.458,72.57886666666667,19.4205,63.32,1.1981,269.9598,59.64176666666666,5.340999999999999,10.5168,148.15993333333333,173.85143333333332,0.0,158.26803333333334,255.3146,761.1681000000001,13.737699999999998,9.598066666666666,,,1.9157000000000002,1.6529666666666667,44.7994,13.112466666666668,51.945566666666664,1.0392000000000001,392.3526333333333,55.30096666666667,34.988166666666665,7.569066666666667,0.2637333333333333,0.023433333333333337,94.77286666666667,0.8202333333333333,297.863,,7.541533333333334,6.9742,107.60436666666666,0.21056666666666668
2021-12-31,0.6236451612903225,74.3898064516129,89.15903225806451,95.79445161290322,1.744,0.8245161290322581,31.922666666666665,0.690741935483871,0.09148387096774194,767.5837096774194,0.9175806451612903,6.027483870967742,0.7389677419354839,28.03425806451613,9.111322580645162,137.48516129032257,1.6939677419354837,312.8718064516129,29.17825806451613,28.51083870967742,6.509451612903226,159.89629032258065,336.5454516129032,0.09277419354838709,119.10074193548387,249.41890322580645,229.89174193548388,5.020258064516129,7.460612903225806,,,6.590774193548387,1.4607741935483871,59.56903225806451,3.2467666666666664,84.75251612903226,5.744774193548387,84.00690322580645,113.86677419354838,34.36183870967742,3.073387096774194,0.5777741935483871,0.0,48.39490322580645,0.336741935483871,259.6642580645161,,67.9797741935484,5.305225806451612,162.0265483870968,0.1167741935483871
2022-01-31,3.9292000000000002,265.2717096774194,129.31464516129031,2027.0448064516127,40.19267741935484,91.97664516129032,72.27496774193548,1.6583870967741934,0.11083870967741935,2077.795064516129,6.668064516129032,150.4111935483871,10.614129032258065,65.12519354838709,84.70622580645161,5177.666903225806,262.95851612903226,462.7651290322581,420.35429032258065,971.6367096774194,66.29551612903226,97.6506129032258,1135.7130322580645,0.0,107.09403225806452,2659.23735483871,1416.4938064516127,2.797258064516129,132.50816129032256,,,235.37109677419355,18.38883870967742,337.74009677419355,199.93212903225805,1060.6822258064515,116.09029032258064,420.0685806451613,142.43322580645162,35.37254838709677,1.6387096774193548,2.3774516129032257,0.6903548387096774,97.68122580645161,2.621483870967742,807.8881935483871,,284.0041612903226,22.455483870967743,178.8787741935484,0.8549032258064516
2022-02-28,9.320035714285714,668.3988928571428,438.58103571428575,3403.6639642857144,30.197607142857144,356.52349999999996,3743.6995,19.001,0.11717857142857144,4097.077642857143,1247.3140714285714,36.83246428571429,156.9966785714286,273.55435714285716,74.01207142857143,2774.042535714286,653.8208928571429,1286.0545,120.36771428571429,620.5783928571428,11.909035714285713,42.16764285714286,959.594642857143,0.10271428571428572,601.9110000000001,2134.9560714285712,696.8565357142858,34.51435714285714,26.973107142857142,,,338.4205714285714,12.093642857142857,824.6887857142857,31.46042857142857,236.33892857142857,56.661,2354.4156785714285,1660.694857142857,57.007999999999996,5.121928571428572,2.5395357142857145,0.2870714285714286,224.84739285714286,73.14342857142857,1033.4870357142856,,132.07782142857144,13.817392857142858,424.75789285714285,0.7969642857142857
2022-03-31,3.2063225806451614,31.17361290322581,19.501677419354838,867.3656129032257,1.5074838709677418,634.848806451613,5091.578709677419,10.290516129032259,2.3359032258064514,368.65525806451615,3797.7727096774192,2.1562580645161287,52.499,40.36003225806452,12.148161290322582,968.6021935483872,403.9323225806452,173.7170322580645,5.20841935483871,68.64367741935484,1.9849677419354839,146.32816129032258,137.77606451612903,0.046387096774193545,721.5987096774194,419.27025806451616,104.70854838709678,14.108483870967742,1.5228387096774194,,,42.991419354838705,2.017967741935484,60.232677419354836,4.785733333333334,53.05861290322581,5.127322580645162,2128.806548387097,6289.255806451612,23.04532258064516,1.633032258064516,3.9221290322580646,0.0,331.33151612903225,3.528966666666667,291.46893548387095,,38.70158064516129,1.252,2011.0188064516128,0.03351612903225806
2022-04-30,0.9175,4.171966666666666,2.1806206896551723,322.3438666666667,0.21686666666666668,1323.2676333333334,552.1875,1.2444,13.636733333333332,60.8378,208.2871,1.2563666666666669,4.111066666666667,22.3726,4.1517333333333335,556.9513333333333,354.4741333333333,9.628566666666666,1.1874333333333333,18.982300000000002,0.2866,135.3391,29.133166666666668,0.0,241.69906666666665,138.15756666666667,15.625133333333334,0.7974333333333333,0.419,,,5.703366666666667,0.4216666666666667,8.317333333333334,2.133966666666667,39.41673333333333,2.9269666666666665,572.5364000000001,2508.778,2.6429,0.17786666666666667,129.03,0.0,289.4597,0.8698666666666667,66.99886666666666,,25.671366666666664,0.8153333333333334,368.41316666666665,0.011899999999999999
2022-05-31,1.1513870967741935,1.1137741935483871,0.638483870967742,371.58732258064515,0.15374193548387097,19.17032258064516,490.2628709677419,0.021193548387096774,1.6418064516129032,17.71254838709677,36.56603225806452,1.8584516129032258,0.9574193548387097,3.781741935483871,2.2198709677419357,213.06577419354838,252.5191612903226,3.407032258064516,0.6219032258064516,13.722709677419354,0.004870967741935484,10.796290322580646,13.185870967741936,0.046387096774193545,55.60948387096774,35.84241935483871,55.99733333333334,0.26970967741935487,0.34841935483870967,0.002111111111111111,,2.4459999999999997,0.34154838709677415,3.963032258064516,1.5083333333333333,50.10229032258065,12.464193548387096,629.7308709677419,525.2886774193548,0.6973548387096774,0.11506451612903226,2588.2438709677417,0.0,97.09836666666666,1.2026451612903226,15.366774193548387,,32.917,0.40248387096774196,22.856322580645163,0.0038387096774193546
2022-06-30,1.7676666666666667,3.3567666666666667,1.3161999999999998,909.9757666666667,3.9493333333333336,4.302666666666666,1130.3587,0.03376666666666666,0.11116666666666666,29.154733333333333,147.32096666666666,7.2539,4.0516,2.293266666666667,15.363166666666666,756.7573333333333,128.7724,6.6750333333333325,1.6874666666666667,76.35873333333333,0.3016666666666667,1.3967241379310347,78.93509999999999,8.6788,58.483666666666664,116.64803333333333,34.45766666666667,0.1599,0.6045333333333333,0.0,,5.615866666666666,0.8517333333333333,13.6379,3.9881,171.2593,24.8172,832.4372333333334,160.4671,0.44116666666666665,0.0527,2419.4970000000003,0.0,33.6871,1.0438666666666667,19.757533333333335,,132.73473333333334,1.6711,9.1971,0.002
2022-07-31,2.5262258064516128,24.618709677419357,17.633161290322583,740.3919032258065,5.929709677419355,26.343806451612902,3016.726225806452,0.9811290322580645,0.39219354838709675,222.17351612903227,466.0555806451613,12.907064516129033,13.891129032258064,55.69990322580646,69.69509677419356,781.8645483870968,901.2563225806451,30.53206451612903,77.15566666666668,81.0515806451613,7.939645161290322,4.0571935483870964,362.38838709677424,24.454096774193548,108.35435483870968,167.2646451612903,143.37032258064517,0.29525806451612907,7.288483870967742,0.0,,38.7198064516129,2.477451612903226,136.66770967741934,20.160096774193548,311.44574193548385,12.834451612903226,1545.016129032258,903.8728387096775,2.387677419354839,0.5073548387096775,1108.2857419354839,0.0,31.21074193548387,1.010225806451613,289.6016774193548,,156.3643548387097,2.1695806451612905,10.895032258064516,0.050741935483870966
2022-08-31,5.8832258064516125,104.79770967741936,45.46545161290323,264.0265483870968,1.260483870967742,29.188451612903226,1031.3195161290323,1.598774193548387,1.142483870967742,426.1348064516129,804.6744838709677,9.106354838709679,17.76358064516129,50.24832258064516,9.477451612903225,175.34196774193546,1606.1059032258065,73.21745161290322,64.30493548387096,27.694709677419358,14.745870967741935,11.995838709677418,209.22883870967743,0.09277419354838709,97.49316129032258,34.11803225806451,334.7902258064516,0.6721935483870968,11.351903225806451,0.0,,14.866193548387097,1.9813870967741936,124.33612903225807,28.920225806451615,248.2373870967742,3.357,716.3929354838709,2183.390129032258,6.232290322580645,1.1197419354838711,971.8490322580645,0.0,27.28283870967742,4.112516129032258,295.72090322580647,,81.43503225806451,0.6596129032258065,25.6748275862069,0.046870967741935485
2022-09-30,4.8125333333333336,101.62546666666667,25.754366666666666,200.6470666666667,2.580233333333333,38.042566666666666,557.6070333333333,0.5108333333333334,0.8124,400.6799333333334,999.7111666666666,3.6404,8.8101,7.410933333333333,1.5814,102.84333333333333,625.8009999999999,33.971666666666664,8.961466666666666,8.7845,1.8449666666666669,8.0617,38.41703333333333,0.0,57.216699999999996,11.836633333333333,38.292833333333334,4.664066666666667,2.6144000000000003,0.0,,4.2101,0.4978333333333333,2.7682333333333333,19.560233333333333,269.2757666666667,2.780466666666667,406.02406666666667,944.4459666666667,1.2457666666666667,0.3902333333333334,1609.0512666666666,0.0,13.579866666666668,2.1621333333333337,78.87743333333333,,42.735,0.4014,22.97556666666667,0.0089
2022-10-31,3.039193548387097,27.461096774193546,5.6617741935483865,210.95832258064516,1.892483870967742,16.944129032258065,711.2548064516128,0.21938709677419355,0.9398064516129032,0.0,660.3527096774194,1.498,7.195612903225806,3.2792903225806453,1.0888709677419355,74.69990322580645,268.22916129032257,0.0,2.200064516129032,26.84841935483871,1.7951612903225806,1.6408709677419355,17.47541935483871,0.0,61.08456666666667,19.830322580645163,18.595193548387098,5.30741935483871,0.859516129032258,0.0,,2.4741612903225807,0.20461290322580644,1.6466451612903226,15.750935483870968,216.62725806451613,5.281483870967742,1112.8330322580646,510.27706451612903,0.4639032258064516,0.08451612903225807,1689.3937096774193,0.0,4.641387096774193,1.0582903225806453,17.328935483870968,,34.62538709677419,0.40064516129032257,7.7301935483870965,0.0038387096774193546
2022-11-30,2.3049666666666666,5.934266666666667,3.472366666666667,139.13066666666666,0.26176666666666665,5.2399000000000004,1504.4476,0.21483333333333335,13.264533333333333,222.61776666666668,888.1499333333334,0.5292857142857142,20.78216666666667,0.7739333333333334,1.6780666666666666,133.90833333333333,669.8081999999999,0.0,1.2080333333333333,4.677233333333334,0.3921,2.2179,10.814166666666667,0.6233,87.6141,16.164033333333332,77.91969999999999,0.9407333333333334,0.36329999999999996,0.0,,2.505666666666667,0.15986666666666668,0.0,9.176166666666667,118.49753333333334,2.8729333333333336,387.4682,990.7824999999999,0.9083666666666667,0.058666666666666666,837.9441666666667,0.0,6.878933333333333,1.0438333333333334,0.0,,23.6801,1.802,4.421166666666666,0.005933333333333333
2022-12-31,1.2956774193548386,2.7728064516129036,6.427935483870967,52.69567741935484,0.10177419354838708,0.865741935483871,639.2672258064516,0.9330322580645161,7.934709677419355,26.8961935483871,2185.559387096774,0.13674193548387095,6.436516129032259,0.5223870967741935,1.0026129032258067,140.87851612903228,1150.127870967742,0.0,4.441741935483871,0.566741935483871,0.13135483870967743,4.511258064516129,11.487741935483871,72.89825806451613,32.80051612903226,3.6951290322580648,137.62754838709677,0.2607741935483871,0.11719354838709678,0.0,,0.24670967741935482,0.07483870967741935,1.1797096774193547,7.862516129032258,126.63216129032257,1.2466451612903227,196.38022580645162,1220.8175161290324,0.30870967741935484,0.03493548387096774,720.9361935483871,0.0,6.5526451612903225,1.0341935483870968,0.0,,9.105645161290322,2.512483870967742,3.0629677419354837,0.0
2023-01-31,0.6377692307692308,0.0,6.141538461538461,38.45553846153847,0.09253846153846154,2.6543076923076923,1179.7881818181816,0.34407692307692306,5.1176,48.85091666666667,1972.9194615384613,0.12415384615384616,1.5756153846153846,1.1344615384615386,0.7571538461538462,94.26307692307692,1218.6794615384615,0.0,0.0,0.0,0.3363846153846154,1.3279999999999998,35.47876923076923,156.31441666666666,12.395846153846152,3.524538461538462,12.56253846153846,0.08238461538461538,0.11569230769230769,0.0,,0.0,0.08653846153846154,0.0,3.5220000000000002,54.07908333333333,0.747923076923077,121.68184615384615,976.1218461538463,0.23961538461538462,0.041692307692307695,1031.668923076923,0.0,43.2012,1.0897692307692308,110.94284615384616,,7.560923076923077,2.0437692307692306,0.6721538461538461,0.0
