month,year,location,new_deaths,new_vaccinations,ratio
1,2020,Cambodia,0.0,0.0,0.00000
1,2020,China,196.0,0.0,0.00000
1,2020,Hong Kong,0.0,0.0,0.00000
1,2020,India,0.0,0.0,0.00000
1,2020,Japan,0.0,0.0,0.00000
1,2020,Macao,0.0,0.0,0.00000
1,2020,Malaysia,0.0,0.0,0.00000
1,2020,Nepal,0.0,0.0,0.00000
1,2020,Philippines,0.0,0.0,0.00000
1,2020,Singapore,0.0,0.0,0.00000
1,2020,South Korea,0.0,0.0,0.00000
1,2020,Sri Lanka,0.0,0.0,0.00000
1,2020,Taiwan,0.0,0.0,0.00000
1,2020,Thailand,0.0,0.0,0.00000
1,2020,United Arab Emirates,0.0,0.0,0.00000
1,2020,Vietnam,0.0,0.0,0.00000
1,2021,Afghanistan,211.0,0.0,0.00000
1,2021,Armenia,257.0,0.0,0.00000
1,2021,Azerbaijan,491.0,0.0,0.00000
1,2021,Bahrain,23.0,39133.0,0.00059
1,2021,Bangladesh,568.0,567.0,1.00176
1,2021,Bhutan,1.0,0.0,0.00000
1,2021,Brunei,0.0,0.0,0.00000
1,2021,Cambodia,0.0,0.0,0.00000
1,2021,China,46.0,0.0,0.00000
1,2021,Georgia,673.0,0.0,0.00000
1,2021,Hong Kong,33.0,0.0,0.00000
1,2021,India,5398.0,3758843.0,0.00144
1,2021,Indonesia,7860.0,366439.0,0.02145
1,2021,Iran,2736.0,0.0,0.00000
1,2021,Iraq,234.0,0.0,0.00000
1,2021,Israel,1471.0,3973152.0,0.00037
1,2021,Japan,2261.0,0.0,0.00000
1,2021,Jordan,482.0,0.0,0.00000
1,2021,Kazakhstan,377.0,0.0,0.00000
1,2021,Kuwait,25.0,0.0,0.00000
1,2021,Kyrgyzstan,57.0,0.0,0.00000
1,2021,Laos,0.0,0.0,0.00000
1,2021,Lebanon,1614.0,0.0,0.00000
1,2021,Macao,0.0,0.0,0.00000
1,2021,Malaysia,289.0,0.0,0.00000
1,2021,Maldives,4.0,0.0,0.00000
1,2021,Mongolia,1.0,0.0,0.00000
1,2021,Myanmar,449.0,3800.0,0.11816
1,2021,Nepal,173.0,0.0,0.00000
1,2021,North Korea,0.0,0.0,0.00000
1,2021,Northern Cyprus,0.0,0.0,0.00000
1,2021,Oman,30.0,28118.0,0.00107
1,2021,Pakistan,1507.0,0.0,0.00000
1,2021,Palestine,433.0,0.0,0.00000
1,2021,Philippines,1505.0,0.0,0.00000
1,2021,Qatar,3.0,0.0,0.00000
1,2021,Saudi Arabia,152.0,0.0,0.00000
1,2021,Singapore,0.0,153794.0,0.00000
1,2021,South Korea,508.0,0.0,0.00000
1,2021,Sri Lanka,112.0,59154.0,0.00189
1,2021,Syria,210.0,0.0,0.00000
1,2021,Taiwan,1.0,0.0,0.00000
1,2021,Tajikistan,1.0,0.0,0.00000
1,2021,Thailand,16.0,0.0,0.00000
1,2021,Timor,0.0,0.0,0.00000
1,2021,Turkey,5112.0,1986237.0,0.00257
1,2021,United Arab Emirates,181.0,2446465.0,0.00007
1,2021,Uzbekistan,7.0,0.0,0.00000
1,2021,Vietnam,0.0,0.0,0.00000
1,2021,Yemen,5.0,0.0,0.00000
1,2022,Afghanistan,58.0,6868.0,0.00844
1,2022,Armenia,81.0,0.0,0.00000
1,2022,Azerbaijan,376.0,598612.0,0.00063
1,2022,Bahrain,14.0,130816.0,0.00011
1,2022,Bangladesh,322.0,14576165.0,0.00002
1,2022,Bhutan,1.0,0.0,0.00000
1,2022,Brunei,0.0,0.0,0.00000
1,2022,Cambodia,3.0,2439154.0,0.00000
1,2022,China,16.0,165200000.0,0.00000
1,2022,Georgia,1130.0,157522.0,0.00717
1,2022,Hong Kong,0.0,1200133.0,0.00000
1,2022,India,14756.0,215920616.0,0.00007
1,2022,Indonesia,226.0,0.0,0.00000
1,2022,Iran,848.0,4977469.0,0.00017
1,2022,Iraq,231.0,0.0,0.00000
1,2022,Israel,562.0,1142545.0,0.00049
1,2022,Japan,423.0,6008119.0,0.00007
1,2022,Jordan,564.0,0.0,0.00000
1,2022,Kazakhstan,297.0,398986.0,0.00074
1,2022,Kuwait,29.0,19007.0,0.00153
1,2022,Kyrgyzstan,78.0,222981.0,0.00035
1,2022,Laos,175.0,0.0,0.00000
1,2022,Lebanon,487.0,522600.0,0.00093
1,2022,Macao,0.0,59678.0,0.00000
1,2022,Malaysia,491.0,5879617.0,0.00008
1,2022,Maldives,14.0,26637.0,0.00053
1,2022,Mongolia,50.0,91296.0,0.00055
1,2022,Myanmar,42.0,0.0,0.00000
1,2022,Nepal,149.0,0.0,0.00000
1,2022,North Korea,0.0,0.0,0.00000
1,2022,Northern Cyprus,0.0,0.0,0.00000
1,2022,Oman,30.0,0.0,0.00000
1,2022,Pakistan,368.0,8592348.0,0.00004
1,2022,Palestine,179.0,0.0,0.00000
1,2022,Philippines,2499.0,9740148.0,0.00026
1,2022,Qatar,27.0,446510.0,0.00006
1,2022,Saudi Arabia,63.0,4960918.0,0.00001
1,2022,Singapore,27.0,1211186.0,0.00002
1,2022,South Korea,1147.0,10648470.0,0.00011
1,2022,Sri Lanka,462.0,1481046.0,0.00031
1,2022,Syria,92.0,0.0,0.00000
1,2022,Taiwan,1.0,4518567.0,0.00000
1,2022,Tajikistan,0.0,0.0,0.00000
1,2022,Thailand,475.0,11589116.0,0.00004
1,2022,Timor,0.0,0.0,0.00000
1,2022,Turkey,5055.0,9038434.0,0.00056
1,2022,Turkmenistan,0.0,0.0,0.00000
1,2022,United Arab Emirates,79.0,604828.0,0.00013
1,2022,Uzbekistan,79.0,448984.0,0.00018
1,2022,Vietnam,5383.0,6448448.0,0.00083
1,2022,Yemen,28.0,0.0,0.00000
2,2020,Afghanistan,0.0,0.0,0.00000
2,2020,Armenia,0.0,0.0,0.00000
2,2020,Bahrain,0.0,0.0,0.00000
2,2020,Cambodia,0.0,0.0,0.00000
2,2020,China,2622.0,0.0,0.00000
2,2020,Georgia,0.0,0.0,0.00000
2,2020,Hong Kong,2.0,0.0,0.00000
2,2020,India,0.0,0.0,0.00000
2,2020,Iran,43.0,0.0,0.00000
2,2020,Iraq,0.0,0.0,0.00000
2,2020,Israel,0.0,0.0,0.00000
2,2020,Japan,6.0,0.0,0.00000
2,2020,Kuwait,0.0,0.0,0.00000
2,2020,Lebanon,0.0,0.0,0.00000
2,2020,Macao,0.0,0.0,0.00000
2,2020,Malaysia,0.0,0.0,0.00000
2,2020,Nepal,0.0,0.0,0.00000
2,2020,Oman,0.0,0.0,0.00000
2,2020,Pakistan,0.0,0.0,0.00000
2,2020,Philippines,1.0,0.0,0.00000
2,2020,Qatar,0.0,0.0,0.00000
2,2020,Singapore,0.0,0.0,0.00000
2,2020,South Korea,16.0,0.0,0.00000
2,2020,Sri Lanka,0.0,0.0,0.00000
2,2020,Taiwan,1.0,0.0,0.00000
2,2020,Thailand,0.0,0.0,0.00000
2,2020,United Arab Emirates,0.0,0.0,0.00000
2,2020,Vietnam,0.0,0.0,0.00000
2,2021,Afghanistan,43.0,0.0,0.00000
2,2021,Armenia,112.0,0.0,0.00000
2,2021,Azerbaijan,88.0,0.0,0.00000
2,2021,Bahrain,74.0,0.0,0.00000
2,2021,Bangladesh,281.0,1938619.0,0.00014
2,2021,Bhutan,0.0,0.0,0.00000
2,2021,Brunei,0.0,0.0,0.00000
2,2021,Cambodia,0.0,50599.0,0.00000
2,2021,China,31.0,0.0,0.00000
2,2021,Georgia,332.0,0.0,0.00000
2,2021,Hong Kong,18.0,14587.0,0.00123
2,2021,India,2765.0,10078106.0,0.00027
2,2021,Indonesia,6168.0,1789566.0,0.00345
2,2021,Iran,2114.0,3000.0,0.70467
2,2021,Iraq,359.0,0.0,0.00000
2,2021,Israel,956.0,3173248.0,0.00030
2,2021,Japan,2144.0,15556.0,0.13782
2,2021,Jordan,385.0,0.0,0.00000
2,2021,Kazakhstan,263.0,0.0,0.00000
2,2021,Kuwait,124.0,0.0,0.00000
2,2021,Kyrgyzstan,54.0,0.0,0.00000
2,2021,Laos,0.0,0.0,0.00000
2,2021,Lebanon,1610.0,30289.0,0.05315
2,2021,Macao,0.0,3293.0,0.00000
2,2021,Malaysia,375.0,18710.0,0.02004
2,2021,Maldives,10.0,104574.0,0.00010
2,2021,Mongolia,0.0,3696.0,0.00000
2,2021,Myanmar,69.0,0.0,0.00000
2,2021,Nepal,745.0,0.0,0.00000
2,2021,North Korea,0.0,0.0,0.00000
2,2021,Northern Cyprus,0.0,0.0,0.00000
2,2021,Oman,41.0,28514.0,0.00144
2,2021,Pakistan,1213.0,0.0,0.00000
2,2021,Palestine,209.0,0.0,0.00000
2,2021,Philippines,1569.0,0.0,0.00000
2,2021,Qatar,10.0,0.0,0.00000
2,2021,Saudi Arabia,119.0,0.0,0.00000
2,2021,Singapore,0.0,345619.0,0.00000
2,2021,South Korea,180.0,3108.0,0.05792
2,2021,Sri Lanka,148.0,394032.0,0.00038
2,2021,Syria,106.0,0.0,0.00000
2,2021,Taiwan,1.0,0.0,0.00000
2,2021,Tajikistan,0.0,0.0,0.00000
2,2021,Thailand,6.0,0.0,0.00000
2,2021,Timor,0.0,0.0,0.00000
2,2021,Turkey,2576.0,6561638.0,0.00039
2,2021,Turkmenistan,0.0,0.0,0.00000
2,2021,United Arab Emirates,371.0,2686299.0,0.00014
2,2021,Uzbekistan,1.0,0.0,0.00000
2,2021,Vietnam,0.0,0.0,0.00000
2,2021,Yemen,19.0,0.0,0.00000
2,2022,Afghanistan,184.0,0.0,0.00000
2,2022,Armenia,408.0,0.0,0.00000
2,2022,Azerbaijan,683.0,687123.0,0.00099
2,2022,Bahrain,46.0,18344.0,0.00251
2,2022,Bangladesh,643.0,3913910.0,0.00016
2,2022,Bhutan,2.0,0.0,0.00000
2,2022,Brunei,27.0,0.0,0.00000
2,2022,Cambodia,17.0,1882549.0,0.00001
2,2022,China,5.0,129313000.0,0.00000
2,2022,Georgia,1183.0,71904.0,0.01645
2,2022,Hong Kong,531.0,1988710.0,0.00027
2,2022,India,17781.0,110392609.0,0.00016
2,2022,Indonesia,4015.0,20173897.0,0.00020
2,2022,Iran,4384.0,8482147.0,0.00052
2,2022,Iraq,600.0,0.0,0.00000
2,2022,Israel,1393.0,129484.0,0.01076
2,2022,Japan,4855.0,23966403.0,0.00020
2,2022,Jordan,618.0,0.0,0.00000
2,2022,Kazakhstan,429.0,2873628.0,0.00015
2,2022,Kuwait,41.0,0.0,0.00000
2,2022,Kyrgyzstan,78.0,240144.0,0.00032
2,2022,Laos,74.0,11615.0,0.00637
2,2022,Lebanon,485.0,274041.0,0.00177
2,2022,Macao,0.0,43834.0,0.00000
2,2022,Malaysia,771.0,3642722.0,0.00021
2,2022,Maldives,21.0,34281.0,0.00061
2,2022,Mongolia,60.0,7913.0,0.00758
2,2022,Myanmar,58.0,0.0,0.00000
2,2022,Nepal,193.0,379020.0,0.00051
2,2022,North Korea,0.0,0.0,0.00000
2,2022,Northern Cyprus,0.0,0.0,0.00000
2,2022,Oman,98.0,0.0,0.00000
2,2022,Pakistan,895.0,15764829.0,0.00006
2,2022,Palestine,403.0,0.0,0.00000
2,2022,Philippines,2448.0,665586.0,0.00368
2,2022,Qatar,25.0,411315.0,0.00006
2,2022,Saudi Arabia,58.0,3625564.0,0.00002
2,2022,Singapore,164.0,717466.0,0.00023
2,2022,South Korea,1398.0,4755892.0,0.00029
2,2022,Sri Lanka,781.0,1936144.0,0.00040
2,2022,Syria,86.0,0.0,0.00000
2,2022,Taiwan,2.0,3980175.0,0.00000
2,2022,Tajikistan,0.0,0.0,0.00000
2,2022,Thailand,760.0,7090988.0,0.00011
2,2022,Timor,6.0,0.0,0.00000
2,2022,Turkey,7029.0,3649842.0,0.00193
2,2022,Turkmenistan,0.0,0.0,0.00000
2,2022,United Arab Emirates,58.0,491876.0,0.00012
2,2022,Uzbekistan,71.0,0.0,0.00000
2,2022,Vietnam,2475.0,5957496.0,0.00042
2,2022,Yemen,123.0,0.0,0.00000
3,2020,Afghanistan,4.0,0.0,0.00000
3,2020,Armenia,3.0,0.0,0.00000
3,2020,Azerbaijan,5.0,0.0,0.00000
3,2020,Bahrain,4.0,0.0,0.00000
3,2020,Bangladesh,5.0,0.0,0.00000
3,2020,Bhutan,0.0,0.0,0.00000
3,2020,Brunei,1.0,0.0,0.00000
3,2020,Cambodia,0.0,0.0,0.00000
3,2020,China,484.0,0.0,0.00000
3,2020,Georgia,0.0,0.0,0.00000
3,2020,Hong Kong,2.0,0.0,0.00000
3,2020,India,36.0,0.0,0.00000
3,2020,Indonesia,136.0,0.0,0.00000
3,2020,Iran,2855.0,0.0,0.00000
3,2020,Iraq,50.0,0.0,0.00000
3,2020,Israel,21.0,0.0,0.00000
3,2020,Japan,61.0,0.0,0.00000
3,2020,Jordan,5.0,0.0,0.00000
3,2020,Kazakhstan,2.0,0.0,0.00000
3,2020,Kuwait,0.0,0.0,0.00000
3,2020,Kyrgyzstan,0.0,0.0,0.00000
3,2020,Laos,0.0,0.0,0.00000
3,2020,Lebanon,12.0,0.0,0.00000
3,2020,Macao,0.0,0.0,0.00000
3,2020,Malaysia,48.0,0.0,0.00000
3,2020,Maldives,0.0,0.0,0.00000
3,2020,Mongolia,0.0,0.0,0.00000
3,2020,Myanmar,1.0,0.0,0.00000
3,2020,Nepal,0.0,0.0,0.00000
3,2020,Oman,1.0,0.0,0.00000
3,2020,Pakistan,27.0,0.0,0.00000
3,2020,Palestine,1.0,0.0,0.00000
3,2020,Philippines,89.0,0.0,0.00000
3,2020,Qatar,2.0,0.0,0.00000
3,2020,Saudi Arabia,10.0,0.0,0.00000
3,2020,Singapore,3.0,0.0,0.00000
3,2020,South Korea,146.0,0.0,0.00000
3,2020,Sri Lanka,2.0,0.0,0.00000
3,2020,Syria,2.0,0.0,0.00000
3,2020,Taiwan,4.0,0.0,0.00000
3,2020,Thailand,10.0,0.0,0.00000
3,2020,Timor,0.0,0.0,0.00000
3,2020,Turkey,214.0,0.0,0.00000
3,2020,United Arab Emirates,6.0,0.0,0.00000
3,2020,Uzbekistan,2.0,0.0,0.00000
3,2020,Vietnam,0.0,0.0,0.00000
3,2021,Afghanistan,41.0,0.0,0.00000
3,2021,Armenia,323.0,0.0,0.00000
3,2021,Azerbaijan,347.0,42090.0,0.00824
3,2021,Bahrain,72.0,259798.0,0.00028
3,2021,Bangladesh,638.0,70407.0,0.00906
3,2021,Bhutan,0.0,394765.0,0.00000
3,2021,Brunei,0.0,0.0,0.00000
3,2021,Cambodia,11.0,537265.0,0.00002
3,2021,China,8.0,39358000.0,0.00000
3,2021,Georgia,268.0,0.0,0.00000
3,2021,Hong Kong,6.0,484400.0,0.00001
3,2021,India,5770.0,50816630.0,0.00011
3,2021,Indonesia,4692.0,7330741.0,0.00064
3,2021,Iran,2592.0,0.0,0.00000
3,2021,Iraq,917.0,0.0,0.00000
3,2021,Israel,461.0,1939514.0,0.00024
3,2021,Japan,1279.0,745238.0,0.00172
3,2021,Jordan,2157.0,0.0,0.00000
3,2021,Kazakhstan,2523.0,0.0,0.00000
3,2021,Kuwait,230.0,0.0,0.00000
3,2021,Kyrgyzstan,34.0,0.0,0.00000
3,2021,Laos,0.0,0.0,0.00000
3,2021,Lebanon,1542.0,166856.0,0.00924
3,2021,Macao,0.0,36591.0,0.00000
3,2021,Malaysia,137.0,688781.0,0.00020
3,2021,Maldives,5.0,126301.0,0.00004
3,2021,Mongolia,6.0,243134.0,0.00002
3,2021,Myanmar,7.0,0.0,0.00000
3,2021,Nepal,256.0,0.0,0.00000
3,2021,North Korea,0.0,0.0,0.00000
3,2021,Northern Cyprus,0.0,0.0,0.00000
3,2021,Oman,108.0,3650.0,0.02959
3,2021,Pakistan,1634.0,0.0,0.00000
3,2021,Palestine,585.0,5124.0,0.11417
3,2021,Philippines,979.0,145741.0,0.00672
3,2021,Qatar,33.0,221871.0,0.00015
3,2021,Saudi Arabia,175.0,3299643.0,0.00005
3,2021,Singapore,1.0,888060.0,0.00000
3,2021,South Korea,130.0,899942.0,0.00014
3,2021,Sri Lanka,104.0,401060.0,0.00026
3,2021,Syria,238.0,0.0,0.00000
3,2021,Taiwan,1.0,14400.0,0.00007
3,2021,Tajikistan,0.0,0.0,0.00000
3,2021,Thailand,11.0,6943.0,0.00158
3,2021,Timor,0.0,0.0,0.00000
3,2021,Turkey,2968.0,6990311.0,0.00042
3,2021,Turkmenistan,0.0,0.0,0.00000
3,2021,United Arab Emirates,276.0,2288008.0,0.00012
3,2021,Uzbekistan,7.0,0.0,0.00000
3,2021,Vietnam,0.0,49743.0,0.00000
3,2021,Yemen,254.0,0.0,0.00000
3,2022,Afghanistan,72.0,0.0,0.00000
3,2022,Armenia,152.0,0.0,0.00000
3,2022,Azerbaijan,275.0,296571.0,0.00093
3,2022,Bahrain,17.0,0.0,0.00000
3,2022,Bangladesh,85.0,30821308.0,0.00000
3,2022,Bhutan,4.0,0.0,0.00000
3,2022,Brunei,83.0,0.0,0.00000
3,2022,Cambodia,22.0,1294325.0,0.00002
3,2022,China,13.0,141029000.0,0.00000
3,2022,Georgia,582.0,32214.0,0.01807
3,2022,Hong Kong,7081.0,2013689.0,0.00352
3,2022,India,7158.0,66768398.0,0.00011
3,2022,Indonesia,6754.0,23193705.0,0.00029
3,2022,Iran,3366.0,2724766.0,0.00124
3,2022,Iraq,175.0,0.0,0.00000
3,2022,Israel,287.0,52323.0,0.00549
3,2022,Japan,4454.0,26676506.0,0.00017
3,2022,Jordan,196.0,0.0,0.00000
3,2022,Kazakhstan,74.0,34367.0,0.00215
3,2022,Kuwait,16.0,0.0,0.00000
3,2022,Kyrgyzstan,30.0,162076.0,0.00019
3,2022,Laos,45.0,86393.0,0.00052
3,2022,Lebanon,212.0,88827.0,0.00239
3,2022,Macao,0.0,92737.0,0.00000
3,2022,Malaysia,2234.0,1682632.0,0.00133
3,2022,Maldives,1.0,9175.0,0.00011
3,2022,Mongolia,12.0,4471.0,0.00268
3,2022,Myanmar,62.0,0.0,0.00000
3,2022,Nepal,15.0,1880913.0,0.00001
3,2022,North Korea,0.0,0.0,0.00000
3,2022,Northern Cyprus,0.0,0.0,0.00000
3,2022,Oman,6.0,0.0,0.00000
3,2022,Pakistan,163.0,2802808.0,0.00006
3,2022,Palestine,154.0,0.0,0.00000
3,2022,Philippines,2798.0,0.0,0.00000
3,2022,Qatar,7.0,202025.0,0.00003
3,2022,Saudi Arabia,47.0,0.0,0.00000
3,2022,Singapore,249.0,327517.0,0.00076
3,2022,South Korea,8420.0,1686213.0,0.00499
3,2022,Sri Lanka,255.0,758833.0,0.00034
3,2022,Syria,66.0,0.0,0.00000
3,2022,Taiwan,0.0,1968308.0,0.00000
3,2022,Tajikistan,0.0,0.0,0.00000
3,2022,Thailand,2197.0,5708050.0,0.00038
3,2022,Timor,2.0,0.0,0.00000
3,2022,Turkey,3588.0,1363751.0,0.00263
3,2022,Turkmenistan,0.0,0.0,0.00000
3,2022,United Arab Emirates,1.0,44557.0,0.00002
3,2022,Uzbekistan,2.0,0.0,0.00000
3,2022,Vietnam,2241.0,4634588.0,0.00048
3,2022,Yemen,8.0,0.0,0.00000
4,2020,Afghanistan,56.0,0.0,0.00000
4,2020,Armenia,29.0,0.0,0.00000
4,2020,Azerbaijan,19.0,0.0,0.00000
4,2020,Bahrain,4.0,0.0,0.00000
4,2020,Bangladesh,163.0,0.0,0.00000
4,2020,Bhutan,0.0,0.0,0.00000
4,2020,Brunei,0.0,0.0,0.00000
4,2020,Cambodia,0.0,0.0,0.00000
4,2020,China,79.0,0.0,0.00000
4,2020,Georgia,6.0,0.0,0.00000
4,2020,Hong Kong,0.0,0.0,0.00000
4,2020,India,1119.0,0.0,0.00000
4,2020,Indonesia,656.0,0.0,0.00000
4,2020,Iran,3130.0,0.0,0.00000
4,2020,Iraq,43.0,0.0,0.00000
4,2020,Israel,204.0,0.0,0.00000
4,2020,Japan,414.0,0.0,0.00000
4,2020,Jordan,3.0,0.0,0.00000
4,2020,Kazakhstan,23.0,0.0,0.00000
4,2020,Kuwait,26.0,0.0,0.00000
4,2020,Kyrgyzstan,8.0,0.0,0.00000
4,2020,Laos,0.0,0.0,0.00000
4,2020,Lebanon,12.0,0.0,0.00000
4,2020,Macao,0.0,0.0,0.00000
4,2020,Malaysia,55.0,0.0,0.00000
4,2020,Maldives,1.0,0.0,0.00000
4,2020,Mongolia,0.0,0.0,0.00000
4,2020,Myanmar,5.0,0.0,0.00000
4,2020,Nepal,0.0,0.0,0.00000
4,2020,North Korea,0.0,0.0,0.00000
4,2020,Oman,10.0,0.0,0.00000
4,2020,Pakistan,390.0,0.0,0.00000
4,2020,Palestine,1.0,0.0,0.00000
4,2020,Philippines,480.0,0.0,0.00000
4,2020,Qatar,8.0,0.0,0.00000
4,2020,Saudi Arabia,152.0,0.0,0.00000
4,2020,Singapore,12.0,0.0,0.00000
4,2020,South Korea,86.0,0.0,0.00000
4,2020,Sri Lanka,5.0,0.0,0.00000
4,2020,Syria,1.0,0.0,0.00000
4,2020,Taiwan,1.0,0.0,0.00000
4,2020,Thailand,44.0,0.0,0.00000
4,2020,Timor,0.0,0.0,0.00000
4,2020,Turkey,2960.0,0.0,0.00000
4,2020,United Arab Emirates,99.0,0.0,0.00000
4,2020,Uzbekistan,7.0,0.0,0.00000
4,2020,Vietnam,0.0,0.0,0.00000
4,2020,Yemen,2.0,0.0,0.00000
4,2021,Afghanistan,141.0,0.0,0.00000
4,2021,Armenia,593.0,0.0,0.00000
4,2021,Azerbaijan,950.0,631855.0,0.00150
4,2021,Bahrain,125.0,468853.0,0.00027
4,2021,Bangladesh,2404.0,1247104.0,0.00193
4,2021,Bhutan,0.0,85657.0,0.00000
4,2021,Brunei,0.0,12790.0,0.00000
4,2021,Cambodia,82.0,1515485.0,0.00005
4,2021,China,3.0,145243000.0,0.00000
4,2021,Georgia,332.0,19531.0,0.01700
4,2021,Hong Kong,4.0,908694.0,0.00000
4,2021,India,48926.0,77932654.0,0.00063
4,2021,Indonesia,4663.0,8210431.0,0.00057
4,2021,Iran,9093.0,201060.0,0.04523
4,2021,Iraq,1142.0,9985.0,0.11437
4,2021,Israel,154.0,418793.0,0.00037
4,2021,Japan,1067.0,3064756.0,0.00035
4,2021,Jordan,1978.0,0.0,0.00000
4,2021,Kazakhstan,649.0,488791.0,0.00133
4,2021,Kuwait,250.0,0.0,0.00000
4,2021,Kyrgyzstan,104.0,205.0,0.50732
4,2021,Laos,0.0,10505.0,0.00000
4,2021,Lebanon,1044.0,176321.0,0.00592
4,2021,Macao,0.0,53119.0,0.00000
4,2021,Malaysia,234.0,757774.0,0.00031
4,2021,Maldives,6.0,140160.0,0.00004
4,2021,Mongolia,110.0,397476.0,0.00028
4,2021,Myanmar,3.0,0.0,0.00000
4,2021,Nepal,249.0,232902.0,0.00107
4,2021,North Korea,0.0,0.0,0.00000
4,2021,Northern Cyprus,0.0,0.0,0.00000
4,2021,Oman,332.0,0.0,0.00000
4,2021,Pakistan,3427.0,0.0,0.00000
4,2021,Palestine,622.0,108555.0,0.00573
4,2021,Philippines,3937.0,688736.0,0.00572
4,2021,Qatar,167.0,739719.0,0.00023
4,2021,Saudi Arabia,288.0,4911419.0,0.00006
4,2021,Singapore,0.0,1346631.0,0.00000
4,2021,South Korea,96.0,2754562.0,0.00003
4,2021,Sri Lanka,110.0,30756.0,0.00358
4,2021,Syria,327.0,0.0,0.00000
4,2021,Taiwan,2.0,39022.0,0.00005
4,2021,Tajikistan,0.0,0.0,0.00000
4,2021,Thailand,109.0,1265709.0,0.00009
4,2021,Timor,3.0,0.0,0.00000
4,2021,Turkey,8594.0,6982104.0,0.00123
4,2021,Turkmenistan,0.0,0.0,0.00000
4,2021,United Arab Emirates,90.0,1992738.0,0.00005
4,2021,Uzbekistan,20.0,78652.0,0.00025
4,2021,Vietnam,0.0,469519.0,0.00000
4,2021,Yemen,338.0,0.0,0.00000
4,2022,Afghanistan,13.0,383.0,0.03394
4,2022,Armenia,9.0,0.0,0.00000
4,2022,Azerbaijan,17.0,103374.0,0.00016
4,2022,Bahrain,4.0,541.0,0.00739
4,2022,Bangladesh,5.0,1534602.0,0.00000
4,2022,Bhutan,11.0,0.0,0.00000
4,2022,Brunei,10.0,0.0,0.00000
4,2022,Cambodia,2.0,697310.0,0.00000
4,2022,China,389.0,73654000.0,0.00001
4,2022,Georgia,62.0,12472.0,0.00497
4,2022,Hong Kong,1483.0,914095.0,0.00162
4,2022,India,2662.0,36280908.0,0.00007
4,2022,Indonesia,1168.0,14746552.0,0.00008
4,2022,Iran,879.0,896601.0,0.00098
4,2022,Iraq,47.0,16843.0,0.00279
4,2022,Israel,210.0,41730.0,0.00503
4,2022,Japan,1447.0,15288375.0,0.00009
4,2022,Jordan,33.0,0.0,0.00000
4,2022,Kazakhstan,2.0,0.0,0.00000
4,2022,Kuwait,1.0,4709.0,0.00021
4,2022,Kyrgyzstan,3.0,84877.0,0.00004
4,2022,Laos,79.0,129937.0,0.00061
4,2022,Lebanon,83.0,315551.0,0.00026
4,2022,Macao,0.0,43188.0,0.00000
4,2022,Malaysia,564.0,1419829.0,0.00040
4,2022,Maldives,0.0,0.0,0.00000
4,2022,Mongolia,2.0,3034.0,0.00066
4,2022,Myanmar,4.0,0.0,0.00000
4,2022,Nepal,0.0,1066608.0,0.00000
4,2022,Northern Cyprus,0.0,0.0,0.00000
4,2022,Oman,8.0,0.0,0.00000
4,2022,Pakistan,10.0,2478766.0,0.00000
4,2022,Palestine,2.0,0.0,0.00000
4,2022,Philippines,1092.0,490686.0,0.00223
4,2022,Qatar,0.0,68326.0,0.00000
4,2022,Saudi Arabia,43.0,0.0,0.00000
4,2022,Singapore,67.0,204485.0,0.00033
4,2022,South Korea,6285.0,2335760.0,0.00269
4,2022,Sri Lanka,27.0,0.0,0.00000
4,2022,Syria,9.0,0.0,0.00000
4,2022,Taiwan,12.0,2054479.0,0.00001
4,2022,Tajikistan,0.0,0.0,0.00000
4,2022,Thailand,3396.0,3713683.0,0.00091
4,2022,Timor,0.0,0.0,0.00000
4,2022,Turkey,738.0,376000.0,0.00196
4,2022,Turkmenistan,0.0,0.0,0.00000
4,2022,United Arab Emirates,0.0,0.0,0.00000
4,2022,Uzbekistan,0.0,0.0,0.00000
4,2022,Vietnam,548.0,5230588.0,0.00010
4,2022,Yemen,6.0,0.0,0.00000
5,2020,Afghanistan,194.0,0.0,0.00000
5,2020,Armenia,99.0,0.0,0.00000
5,2020,Azerbaijan,39.0,0.0,0.00000
5,2020,Bahrain,11.0,0.0,0.00000
5,2020,Bangladesh,482.0,0.0,0.00000
5,2020,Bhutan,0.0,0.0,0.00000
5,2020,Brunei,1.0,0.0,0.00000
5,2020,Cambodia,0.0,0.0,0.00000
5,2020,China,11.0,0.0,0.00000
5,2020,Georgia,6.0,0.0,0.00000
5,2020,Hong Kong,0.0,0.0,0.00000
5,2020,India,4254.0,0.0,0.00000
5,2020,Indonesia,821.0,0.0,0.00000
5,2020,Iran,1769.0,0.0,0.00000
5,2020,Iraq,112.0,0.0,0.00000
5,2020,Israel,62.0,0.0,0.00000
5,2020,Japan,417.0,0.0,0.00000
5,2020,Jordan,1.0,0.0,0.00000
5,2020,Kazakhstan,16.0,0.0,0.00000
5,2020,Kuwait,186.0,0.0,0.00000
5,2020,Kyrgyzstan,8.0,0.0,0.00000
5,2020,Laos,0.0,0.0,0.00000
5,2020,Lebanon,3.0,0.0,0.00000
5,2020,Macao,0.0,0.0,0.00000
5,2020,Malaysia,12.0,0.0,0.00000
5,2020,Maldives,4.0,0.0,0.00000
5,2020,Mongolia,0.0,0.0,0.00000
5,2020,Myanmar,0.0,0.0,0.00000
5,2020,Nepal,8.0,0.0,0.00000
5,2020,North Korea,0.0,0.0,0.00000
5,2020,Oman,38.0,0.0,0.00000
5,2020,Pakistan,1126.0,0.0,0.00000
5,2020,Palestine,1.0,0.0,0.00000
5,2020,Philippines,389.0,0.0,0.00000
5,2020,Qatar,28.0,0.0,0.00000
5,2020,Saudi Arabia,341.0,0.0,0.00000
5,2020,Singapore,8.0,0.0,0.00000
5,2020,South Korea,23.0,0.0,0.00000
5,2020,Sri Lanka,3.0,0.0,0.00000
5,2020,Syria,2.0,0.0,0.00000
5,2020,Taiwan,1.0,0.0,0.00000
5,2020,Tajikistan,47.0,0.0,0.00000
5,2020,Thailand,3.0,0.0,0.00000
5,2020,Timor,0.0,0.0,0.00000
5,2020,Turkey,1366.0,0.0,0.00000
5,2020,United Arab Emirates,159.0,0.0,0.00000
5,2020,Uzbekistan,6.0,0.0,0.00000
5,2020,Vietnam,0.0,0.0,0.00000
5,2020,Yemen,78.0,0.0,0.00000
5,2021,Afghanistan,319.0,2859.0,0.11158
5,2021,Armenia,330.0,0.0,0.00000
5,2021,Azerbaijan,396.0,705985.0,0.00056
5,2021,Bahrain,334.0,497558.0,0.00067
5,2021,Bangladesh,1169.0,823451.0,0.00142
5,2021,Bhutan,0.0,1709.0,0.00000
5,2021,Brunei,0.0,23785.0,0.00000
5,2021,Cambodia,121.0,2328774.0,0.00005
5,2021,China,0.0,396404000.0,0.00000
5,2021,Georgia,663.0,75160.0,0.00882
5,2021,Hong Kong,1.0,986710.0,0.00000
5,2021,India,120042.0,55496176.0,0.00216
5,2021,Indonesia,5057.0,7029762.0,0.00072
5,2021,Iran,8398.0,0.0,0.00000
5,2021,Iraq,910.0,0.0,0.00000
5,2021,Israel,49.0,144467.0,0.00034
5,2021,Japan,2816.0,12559122.0,0.00022
5,2021,Jordan,626.0,154235.0,0.00406
5,2021,Kazakhstan,760.0,841314.0,0.00090
5,2021,Kuwait,209.0,0.0,0.00000
5,2021,Kyrgyzstan,204.0,0.0,0.00000
5,2021,Laos,3.0,124622.0,0.00002
5,2021,Lebanon,451.0,241346.0,0.00187
5,2021,Macao,0.0,62720.0,0.00000
5,2021,Malaysia,1290.0,1578687.0,0.00082
5,2021,Maldives,87.0,74959.0,0.00116
5,2021,Mongolia,135.0,1899758.0,0.00007
5,2021,Myanmar,8.0,0.0,0.00000
5,2021,Nepal,4107.0,205885.0,0.01995
5,2021,North Korea,0.0,0.0,0.00000
5,2021,Northern Cyprus,0.0,1988.0,0.00000
5,2021,Oman,335.0,0.0,0.00000
5,2021,Pakistan,2893.0,562254.0,0.00515
5,2021,Palestine,248.0,27180.0,0.00912
5,2021,Philippines,3732.0,1676968.0,0.00223
5,2021,Qatar,98.0,929366.0,0.00011
5,2021,Saudi Arabia,405.0,4864301.0,0.00008
5,2021,Singapore,3.0,1283498.0,0.00000
5,2021,South Korea,132.0,4449351.0,0.00003
5,2021,Sri Lanka,763.0,825201.0,0.00092
5,2021,Syria,178.0,0.0,0.00000
5,2021,Taiwan,112.0,228489.0,0.00049
5,2021,Tajikistan,0.0,0.0,0.00000
5,2021,Thailand,828.0,2048205.0,0.00040
5,2021,Timor,13.0,0.0,0.00000
5,2021,Turkey,7396.0,6354652.0,0.00116
5,2021,Turkmenistan,0.0,0.0,0.00000
5,2021,United Arab Emirates,93.0,1765349.0,0.00005
5,2021,Uzbekistan,41.0,0.0,0.00000
5,2021,Vietnam,12.0,37208.0,0.00032
5,2021,Yemen,95.0,0.0,0.00000
5,2022,Afghanistan,22.0,0.0,0.00000
5,2022,Armenia,3.0,0.0,0.00000
5,2022,Azerbaijan,4.0,25842.0,0.00015
5,2022,Bahrain,13.0,1136.0,0.01144
5,2022,Bangladesh,4.0,540962.0,0.00001
5,2022,Bhutan,0.0,0.0,0.00000
5,2022,Brunei,5.0,0.0,0.00000
5,2022,Cambodia,0.0,61376.0,0.00000
5,2022,China,206.0,36786000.0,0.00001
5,2022,Georgia,20.0,758.0,0.02639
5,2022,Hong Kong,70.0,1040106.0,0.00007
5,2022,India,793.0,45025096.0,0.00002
5,2022,Indonesia,334.0,0.0,0.00000
5,2022,Iran,232.0,544446.0,0.00043
5,2022,Iraq,8.0,0.0,0.00000
5,2022,Israel,159.0,20650.0,0.00770
5,2022,Japan,1052.0,7389211.0,0.00014
5,2022,Jordan,2.0,0.0,0.00000
5,2022,Kazakhstan,2.0,0.0,0.00000
5,2022,Kuwait,0.0,0.0,0.00000
5,2022,Kyrgyzstan,0.0,79897.0,0.00000
5,2022,Laos,12.0,11603.0,0.00103
5,2022,Lebanon,43.0,0.0,0.00000
5,2022,Macao,0.0,53755.0,0.00000
5,2022,Malaysia,129.0,680165.0,0.00019
5,2022,Maldives,1.0,0.0,0.00000
5,2022,Mongolia,5.0,0.0,0.00000
5,2022,Myanmar,0.0,0.0,0.00000
5,2022,Nepal,1.0,988819.0,0.00000
5,2022,North Korea,6.0,0.0,0.00000
5,2022,Northern Cyprus,0.0,0.0,0.00000
5,2022,Oman,2.0,0.0,0.00000
5,2022,Pakistan,10.0,2594413.0,0.00000
5,2022,Palestine,3.0,0.0,0.00000
5,2022,Philippines,120.0,0.0,0.00000
5,2022,Qatar,0.0,100921.0,0.00000
5,2022,Saudi Arabia,60.0,0.0,0.00000
5,2022,Singapore,54.0,184654.0,0.00029
5,2022,South Korea,1322.0,2218598.0,0.00060
5,2022,Sri Lanka,13.0,0.0,0.00000
5,2022,Syria,0.0,0.0,0.00000
5,2022,Taiwan,1390.0,2121628.0,0.00066
5,2022,Tajikistan,0.0,0.0,0.00000
5,2022,Thailand,1568.0,3814641.0,0.00041
5,2022,Timor,1.0,0.0,0.00000
5,2022,Turkey,194.0,222403.0,0.00087
5,2022,Turkmenistan,0.0,0.0,0.00000
5,2022,United Arab Emirates,3.0,8968.0,0.00033
5,2022,Uzbekistan,0.0,0.0,0.00000
5,2022,Vietnam,38.0,3216296.0,0.00001
5,2022,Yemen,0.0,0.0,0.00000
6,2020,Afghanistan,485.0,0.0,0.00000
6,2020,Armenia,312.0,0.0,0.00000
6,2020,Azerbaijan,150.0,0.0,0.00000
6,2020,Bahrain,68.0,0.0,0.00000
6,2020,Bangladesh,1197.0,0.0,0.00000
6,2020,Bhutan,0.0,0.0,0.00000
6,2020,Brunei,1.0,0.0,0.00000
6,2020,Cambodia,0.0,0.0,0.00000
6,2020,China,2.0,0.0,0.00000
6,2020,Georgia,3.0,0.0,0.00000
6,2020,Hong Kong,3.0,0.0,0.00000
6,2020,India,11992.0,0.0,0.00000
6,2020,Indonesia,1263.0,0.0,0.00000
6,2020,Iran,3020.0,0.0,0.00000
6,2020,Iraq,1738.0,0.0,0.00000
6,2020,Israel,40.0,0.0,0.00000
6,2020,Japan,76.0,0.0,0.00000
6,2020,Jordan,0.0,0.0,0.00000
6,2020,Kazakhstan,147.0,0.0,0.00000
6,2020,Kuwait,142.0,0.0,0.00000
6,2020,Kyrgyzstan,45.0,0.0,0.00000
6,2020,Laos,0.0,0.0,0.00000
6,2020,Lebanon,7.0,0.0,0.00000
6,2020,Macao,0.0,0.0,0.00000
6,2020,Malaysia,6.0,0.0,0.00000
6,2020,Maldives,4.0,0.0,0.00000
6,2020,Mongolia,0.0,0.0,0.00000
6,2020,Myanmar,0.0,0.0,0.00000
6,2020,Nepal,21.0,0.0,0.00000
6,2020,North Korea,0.0,0.0,0.00000
6,2020,Oman,127.0,0.0,0.00000
6,2020,Pakistan,2852.0,0.0,0.00000
6,2020,Palestine,5.0,0.0,0.00000
6,2020,Philippines,309.0,0.0,0.00000
6,2020,Qatar,75.0,0.0,0.00000
6,2020,Saudi Arabia,1146.0,0.0,0.00000
6,2020,Singapore,3.0,0.0,0.00000
6,2020,South Korea,11.0,0.0,0.00000
6,2020,Sri Lanka,1.0,0.0,0.00000
6,2020,Syria,4.0,0.0,0.00000
6,2020,Taiwan,0.0,0.0,0.00000
6,2020,Tajikistan,5.0,0.0,0.00000
6,2020,Thailand,1.0,0.0,0.00000
6,2020,Timor,0.0,0.0,0.00000
6,2020,Turkey,591.0,0.0,0.00000
6,2020,United Arab Emirates,51.0,0.0,0.00000
6,2020,Uzbekistan,11.0,0.0,0.00000
6,2020,Vietnam,0.0,0.0,0.00000
6,2020,Yemen,232.0,0.0,0.00000
6,2021,Afghanistan,1927.0,4015.0,0.47995
6,2021,Armenia,76.0,0.0,0.00000
6,2021,Azerbaijan,61.0,1184499.0,0.00005
6,2021,Bahrain,372.0,389568.0,0.00095
6,2021,Bangladesh,1884.0,42601.0,0.04422
6,2021,Bhutan,0.0,0.0,0.00000
6,2021,Brunei,0.0,8180.0,0.00000
6,2021,Cambodia,388.0,2638094.0,0.00015
6,2021,China,1.0,583207000.0,0.00000
6,2021,Georgia,543.0,103857.0,0.00523
6,2021,Hong Kong,1.0,1328881.0,0.00000
6,2021,India,60190.0,118708244.0,0.00051
6,2021,Indonesia,7913.0,15699134.0,0.00050
6,2021,Iran,4108.0,0.0,0.00000
6,2021,Iraq,811.0,0.0,0.00000
6,2021,Israel,20.0,193268.0,0.00010
6,2021,Japan,1725.0,36476315.0,0.00005
6,2021,Jordan,288.0,872452.0,0.00033
6,2021,Kazakhstan,438.0,2165736.0,0.00020
6,2021,Kuwait,197.0,0.0,0.00000
6,2021,Kyrgyzstan,192.0,0.0,0.00000
6,2021,Laos,0.0,429899.0,0.00000
6,2021,Lebanon,122.0,529885.0,0.00023
6,2021,Macao,0.0,167241.0,0.00000
6,2021,Malaysia,2374.0,5263977.0,0.00045
6,2021,Maldives,50.0,27189.0,0.00184
6,2021,Mongolia,243.0,434195.0,0.00056
6,2021,Myanmar,117.0,0.0,0.00000
6,2021,Nepal,1726.0,122972.0,0.01404
6,2021,North Korea,0.0,0.0,0.00000
6,2021,Northern Cyprus,0.0,0.0,0.00000
6,2021,Oman,755.0,0.0,0.00000
6,2021,Pakistan,1471.0,2481534.0,0.00059
6,2021,Palestine,66.0,205991.0,0.00032
6,2021,Philippines,3696.0,2849438.0,0.00130
6,2021,Qatar,34.0,599869.0,0.00006
6,2021,Saudi Arabia,457.0,3672578.0,0.00012
6,2021,Singapore,3.0,1472948.0,0.00000
6,2021,South Korea,58.0,11371210.0,0.00001
6,2021,Sri Lanka,1636.0,1400026.0,0.00117
6,2021,Syria,106.0,0.0,0.00000
6,2021,Taiwan,524.0,1270707.0,0.00041
6,2021,Tajikistan,0.0,0.0,0.00000
6,2021,Thailand,992.0,6054968.0,0.00016
6,2021,Timor,7.0,0.0,0.00000
6,2021,Turkey,2205.0,21436599.0,0.00010
6,2021,Turkmenistan,0.0,0.0,0.00000
6,2021,United Arab Emirates,131.0,2160296.0,0.00006
6,2021,Uzbekistan,46.0,0.0,0.00000
6,2021,Vietnam,34.0,2520356.0,0.00001
6,2021,Yemen,40.0,0.0,0.00000
6,2022,Afghanistan,18.0,0.0,0.00000
6,2022,Armenia,4.0,0.0,0.00000
6,2022,Azerbaijan,4.0,14800.0,0.00027
6,2022,Bahrain,4.0,6266.0,0.00064
6,2022,Bangladesh,18.0,1159562.0,0.00002
6,2022,Bhutan,0.0,0.0,0.00000
6,2022,Brunei,2.0,0.0,0.00000
6,2022,Cambodia,0.0,0.0,0.00000
6,2022,China,7.0,21308000.0,0.00000
6,2022,Georgia,14.0,0.0,0.00000
6,2022,Hong Kong,23.0,630828.0,0.00004
6,2022,India,503.0,41628480.0,0.00001
6,2022,Indonesia,146.0,0.0,0.00000
6,2022,Iran,74.0,0.0,0.00000
6,2022,Iraq,22.0,0.0,0.00000
6,2022,Israel,106.0,27539.0,0.00385
6,2022,Japan,658.0,3962545.0,0.00017
6,2022,Jordan,2.0,16423.0,0.00012
6,2022,Kazakhstan,3.0,0.0,0.00000
6,2022,Kuwait,0.0,0.0,0.00000
6,2022,Kyrgyzstan,0.0,49251.0,0.00000
6,2022,Laos,1.0,0.0,0.00000
6,2022,Lebanon,36.0,0.0,0.00000
6,2022,Macao,0.0,26432.0,0.00000
6,2022,Malaysia,89.0,299592.0,0.00030
6,2022,Maldives,6.0,0.0,0.00000
6,2022,Mongolia,3.0,0.0,0.00000
6,2022,Myanmar,0.0,0.0,0.00000
6,2022,Nepal,0.0,2286593.0,0.00000
6,2022,North Korea,0.0,0.0,0.00000
6,2022,Northern Cyprus,0.0,0.0,0.00000
6,2022,Oman,0.0,0.0,0.00000
6,2022,Pakistan,16.0,19350136.0,0.00000
6,2022,Palestine,0.0,0.0,0.00000
6,2022,Philippines,100.0,0.0,0.00000
6,2022,Qatar,2.0,27258.0,0.00007
6,2022,Saudi Arabia,60.0,0.0,0.00000
6,2022,Singapore,24.0,102657.0,0.00023
6,2022,South Korea,358.0,428434.0,0.00084
6,2022,Sri Lanka,4.0,0.0,0.00000
6,2022,Syria,0.0,72289.0,0.00000
6,2022,Taiwan,4396.0,2586096.0,0.00170
6,2022,Tajikistan,0.0,0.0,0.00000
6,2022,Thailand,629.0,1910402.0,0.00033
6,2022,Timor,2.0,0.0,0.00000
6,2022,Turkey,67.0,42999.0,0.00156
6,2022,Turkmenistan,0.0,0.0,0.00000
6,2022,United Arab Emirates,11.0,6152.0,0.00179
6,2022,Uzbekistan,0.0,0.0,0.00000
6,2022,Vietnam,8.0,6495169.0,0.00000
6,2022,Yemen,0.0,0.0,0.00000
7,2020,Afghanistan,536.0,0.0,0.00000
7,2020,Armenia,295.0,0.0,0.00000
7,2020,Azerbaijan,235.0,0.0,0.00000
7,2020,Bahrain,60.0,0.0,0.00000
7,2020,Bangladesh,1264.0,0.0,0.00000
7,2020,Bhutan,0.0,0.0,0.00000
7,2020,Brunei,0.0,0.0,0.00000
7,2020,Cambodia,0.0,0.0,0.00000
7,2020,China,0.0,0.0,0.00000
7,2020,Georgia,2.0,0.0,0.00000
7,2020,Hong Kong,20.0,0.0,0.00000
7,2020,India,19111.0,0.0,0.00000
7,2020,Indonesia,2255.0,0.0,0.00000
7,2020,Iran,5949.0,0.0,0.00000
7,2020,Iraq,2798.0,0.0,0.00000
7,2020,Israel,237.0,0.0,0.00000
7,2020,Japan,39.0,0.0,0.00000
7,2020,Jordan,2.0,0.0,0.00000
7,2020,Kazakhstan,605.0,0.0,0.00000
7,2020,Kuwait,93.0,0.0,0.00000
7,2020,Kyrgyzstan,1317.0,0.0,0.00000
7,2020,Laos,0.0,0.0,0.00000
7,2020,Lebanon,27.0,0.0,0.00000
7,2020,Macao,0.0,0.0,0.00000
7,2020,Malaysia,4.0,0.0,0.00000
7,2020,Maldives,7.0,0.0,0.00000
7,2020,Mongolia,0.0,0.0,0.00000
7,2020,Myanmar,0.0,0.0,0.00000
7,2020,Nepal,27.0,0.0,0.00000
7,2020,North Korea,0.0,0.0,0.00000
7,2020,Oman,245.0,0.0,0.00000
7,2020,Pakistan,1556.0,0.0,0.00000
7,2020,Palestine,74.0,0.0,0.00000
7,2020,Philippines,757.0,0.0,0.00000
7,2020,Qatar,61.0,0.0,0.00000
7,2020,Saudi Arabia,1217.0,0.0,0.00000
7,2020,Singapore,1.0,0.0,0.00000
7,2020,South Korea,19.0,0.0,0.00000
7,2020,Sri Lanka,0.0,0.0,0.00000
7,2020,Syria,34.0,0.0,0.00000
7,2020,Taiwan,0.0,0.0,0.00000
7,2020,Tajikistan,8.0,0.0,0.00000
7,2020,Thailand,0.0,0.0,0.00000
7,2020,Timor,0.0,0.0,0.00000
7,2020,Turkey,560.0,0.0,0.00000
7,2020,United Arab Emirates,36.0,0.0,0.00000
7,2020,Uzbekistan,115.0,0.0,0.00000
7,2020,Vietnam,3.0,0.0,0.00000
7,2020,Yemen,181.0,0.0,0.00000
7,2021,Afghanistan,1837.0,0.0,0.00000
7,2021,Armenia,100.0,0.0,0.00000
7,2021,Azerbaijan,49.0,1360123.0,0.00004
7,2021,Bahrain,32.0,183058.0,0.00017
7,2021,Bangladesh,6182.0,2734283.0,0.00226
7,2021,Bhutan,1.0,377762.0,0.00000
7,2021,Brunei,0.0,39510.0,0.00000
7,2021,Cambodia,795.0,4836661.0,0.00016
7,2021,China,13.0,408144000.0,0.00000
7,2021,Georgia,504.0,48701.0,0.01035
7,2021,Hong Kong,1.0,1933802.0,0.00000
7,2021,India,24892.0,118404290.0,0.00021
7,2021,Indonesia,35628.0,25016696.0,0.00142
7,2021,Iran,6366.0,0.0,0.00000
7,2021,Iraq,1471.0,0.0,0.00000
7,2021,Israel,45.0,414349.0,0.00011
7,2021,Japan,409.0,46301449.0,0.00001
7,2021,Jordan,282.0,830655.0,0.00034
7,2021,Kazakhstan,1318.0,3501633.0,0.00038
7,2021,Kuwait,351.0,0.0,0.00000
7,2021,Kyrgyzstan,325.0,64930.0,0.00501
7,2021,Laos,4.0,21515.0,0.00019
7,2021,Lebanon,55.0,597735.0,0.00009
7,2021,Macao,0.0,169109.0,0.00000
7,2021,Malaysia,3854.0,12820084.0,0.00030
7,2021,Maldives,11.0,63254.0,0.00017
7,2021,Mongolia,217.0,255320.0,0.00085
7,2021,Myanmar,6000.0,0.0,0.00000
7,2021,Nepal,745.0,943934.0,0.00079
7,2021,North Korea,0.0,0.0,0.00000
7,2021,Northern Cyprus,0.0,0.0,0.00000
7,2021,Oman,714.0,0.0,0.00000
7,2021,Pakistan,1101.0,7087727.0,0.00016
7,2021,Palestine,40.0,119758.0,0.00033
7,2021,Philippines,3227.0,2122717.0,0.00152
7,2021,Qatar,11.0,591817.0,0.00002
7,2021,Saudi Arabia,418.0,8986886.0,0.00005
7,2021,Singapore,1.0,2149313.0,0.00000
7,2021,South Korea,77.0,6284048.0,0.00001
7,2021,Sri Lanka,1359.0,7768953.0,0.00017
7,2021,Syria,38.0,0.0,0.00000
7,2021,Taiwan,139.0,4991772.0,0.00003
7,2021,Tajikistan,31.0,11480.0,0.00270
7,2021,Thailand,2834.0,7758276.0,0.00037
7,2021,Timor,3.0,0.0,0.00000
7,2021,Turkey,1600.0,22664525.0,0.00007
7,2021,Turkmenistan,0.0,0.0,0.00000
7,2021,United Arab Emirates,138.0,1102753.0,0.00013
7,2021,Uzbekistan,138.0,0.0,0.00000
7,2021,Vietnam,1225.0,2426886.0,0.00050
7,2021,Yemen,14.0,0.0,0.00000
7,2022,Afghanistan,25.0,0.0,0.00000
7,2022,Armenia,4.0,0.0,0.00000
7,2022,Azerbaijan,31.0,30485.0,0.00102
7,2022,Bahrain,17.0,4517.0,0.00376
7,2022,Bangladesh,142.0,1012701.0,0.00014
7,2022,Bhutan,0.0,0.0,0.00000
7,2022,Brunei,0.0,0.0,0.00000
7,2022,Cambodia,0.0,0.0,0.00000
7,2022,China,11.0,21047000.0,0.00000
7,2022,Georgia,18.0,0.0,0.00000
7,2022,Hong Kong,102.0,364390.0,0.00028
7,2022,India,1257.0,59862946.0,0.00002
7,2022,Indonesia,256.0,0.0,0.00000
7,2022,Iran,609.0,0.0,0.00000
7,2022,Iraq,74.0,0.0,0.00000
7,2022,Israel,420.0,19021.0,0.02208
7,2022,Japan,1332.0,15025147.0,0.00009
7,2022,Jordan,6.0,0.0,0.00000
7,2022,Kazakhstan,4.0,0.0,0.00000
7,2022,Kuwait,4.0,0.0,0.00000
7,2022,Kyrgyzstan,0.0,17595.0,0.00000
7,2022,Laos,0.0,0.0,0.00000
7,2022,Lebanon,67.0,0.0,0.00000
7,2022,Macao,6.0,6446.0,0.00093
7,2022,Malaysia,204.0,431945.0,0.00047
7,2022,Maldives,2.0,0.0,0.00000
7,2022,Mongolia,1.0,0.0,0.00000
7,2022,Myanmar,0.0,0.0,0.00000
7,2022,Nepal,15.0,144666.0,0.00010
7,2022,North Korea,0.0,0.0,0.00000
7,2022,Northern Cyprus,0.0,0.0,0.00000
7,2022,Oman,0.0,0.0,0.00000
7,2022,Pakistan,92.0,11729886.0,0.00001
7,2022,Palestine,18.0,0.0,0.00000
7,2022,Philippines,172.0,0.0,0.00000
7,2022,Qatar,2.0,0.0,0.00000
7,2022,Saudi Arabia,43.0,0.0,0.00000
7,2022,Singapore,87.0,61814.0,0.00141
7,2022,South Korea,513.0,1289102.0,0.00040
7,2022,Sri Lanka,35.0,0.0,0.00000
7,2022,Syria,0.0,0.0,0.00000
7,2022,Taiwan,2276.0,1302770.0,0.00175
7,2022,Tajikistan,0.0,0.0,0.00000
7,2022,Thailand,756.0,1848221.0,0.00041
7,2022,Timor,0.0,0.0,0.00000
7,2022,Turkey,309.0,2692698.0,0.00011
7,2022,Turkmenistan,0.0,0.0,0.00000
7,2022,United Arab Emirates,19.0,0.0,0.00000
7,2022,Uzbekistan,0.0,0.0,0.00000
7,2022,Vietnam,6.0,66330.0,0.00009
7,2022,Yemen,2.0,0.0,0.00000
8,2020,Afghanistan,131.0,0.0,0.00000
8,2020,Armenia,141.0,0.0,0.00000
8,2020,Azerbaijan,86.0,0.0,0.00000
8,2020,Bahrain,43.0,0.0,0.00000
8,2020,Bangladesh,1170.0,0.0,0.00000
8,2020,Bhutan,0.0,0.0,0.00000
8,2020,Brunei,0.0,0.0,0.00000
8,2020,Cambodia,0.0,0.0,0.00000
8,2020,China,1.0,0.0,0.00000
8,2020,Georgia,2.0,0.0,0.00000
8,2020,Hong Kong,62.0,0.0,0.00000
8,2020,India,28777.0,0.0,0.00000
8,2020,Indonesia,2286.0,0.0,0.00000
8,2020,Iran,4805.0,0.0,0.00000
8,2020,Iraq,2301.0,0.0,0.00000
8,2020,Israel,389.0,0.0,0.00000
8,2020,Japan,287.0,0.0,0.00000
8,2020,Jordan,4.0,0.0,0.00000
8,2020,Kazakhstan,1085.0,0.0,0.00000
8,2020,Kuwait,84.0,0.0,0.00000
8,2020,Kyrgyzstan,123.0,0.0,0.00000
8,2020,Laos,0.0,0.0,0.00000
8,2020,Lebanon,106.0,0.0,0.00000
8,2020,Macao,0.0,0.0,0.00000
8,2020,Malaysia,2.0,0.0,0.00000
8,2020,Maldives,12.0,0.0,0.00000
8,2020,Mongolia,0.0,0.0,0.00000
8,2020,Myanmar,0.0,0.0,0.00000
8,2020,Nepal,172.0,0.0,0.00000
8,2020,North Korea,0.0,0.0,0.00000
8,2020,Oman,264.0,0.0,0.00000
8,2020,Pakistan,343.0,0.0,0.00000
8,2020,Palestine,70.0,0.0,0.00000
8,2020,Philippines,1535.0,0.0,0.00000
8,2020,Qatar,23.0,0.0,0.00000
8,2020,Saudi Arabia,1031.0,0.0,0.00000
8,2020,Singapore,0.0,0.0,0.00000
8,2020,South Korea,23.0,0.0,0.00000
8,2020,Sri Lanka,1.0,0.0,0.00000
8,2020,Syria,69.0,0.0,0.00000
8,2020,Taiwan,0.0,0.0,0.00000
8,2020,Tajikistan,8.0,0.0,0.00000
8,2020,Thailand,0.0,0.0,0.00000
8,2020,Timor,0.0,0.0,0.00000
8,2020,Turkey,679.0,0.0,0.00000
8,2020,United Arab Emirates,33.0,0.0,0.00000
8,2020,Uzbekistan,179.0,0.0,0.00000
8,2020,Vietnam,32.0,0.0,0.00000
8,2020,Yemen,73.0,0.0,0.00000
8,2021,Afghanistan,410.0,0.0,0.00000
8,2021,Armenia,230.0,0.0,0.00000
8,2021,Azerbaijan,613.0,1519612.0,0.00040
8,2021,Bahrain,4.0,183755.0,0.00002
8,2021,Bangladesh,5510.0,11087192.0,0.00050
8,2021,Bhutan,1.0,2140.0,0.00047
8,2021,Brunei,6.0,15237.0,0.00039
8,2021,Cambodia,506.0,6997606.0,0.00007
8,2021,China,9.0,414770000.0,0.00000
8,2021,Georgia,1588.0,449889.0,0.00353
8,2021,Hong Kong,0.0,1925335.0,0.00000
8,2021,India,14669.0,140320023.0,0.00010
8,2021,Indonesia,38904.0,31205162.0,0.00125
8,2021,Iran,17164.0,881127.0,0.01948
8,2021,Iraq,2173.0,0.0,0.00000
8,2021,Israel,570.0,2581675.0,0.00022
8,2021,Japan,874.0,36996393.0,0.00002
8,2021,Jordan,379.0,793700.0,0.00048
8,2021,Kazakhstan,3859.0,2893921.0,0.00133
8,2021,Kuwait,99.0,0.0,0.00000
8,2021,Kyrgyzstan,203.0,528727.0,0.00038
8,2021,Laos,7.0,1059878.0,0.00001
8,2021,Lebanon,147.0,478437.0,0.00031
8,2021,Macao,0.0,26039.0,0.00000
8,2021,Malaysia,7640.0,14444737.0,0.00053
8,2021,Maldives,5.0,91878.0,0.00005
8,2021,Mongolia,123.0,148496.0,0.00083
8,2021,Myanmar,6055.0,0.0,0.00000
8,2021,Nepal,893.0,2991592.0,0.00030
8,2021,North Korea,0.0,0.0,0.00000
8,2021,Northern Cyprus,0.0,0.0,0.00000
8,2021,Oman,250.0,0.0,0.00000
8,2021,Pakistan,2467.0,10088906.0,0.00024
8,2021,Palestine,77.0,384816.0,0.00020
8,2021,Philippines,5559.0,2430632.0,0.00229
8,2021,Qatar,1.0,604328.0,0.00000
8,2021,Saudi Arabia,275.0,10265432.0,0.00003
8,2021,Singapore,18.0,1222886.0,0.00001
8,2021,South Korea,194.0,18430490.0,0.00001
8,2021,Sri Lanka,4749.0,5597361.0,0.00085
8,2021,Syria,99.0,0.0,0.00000
8,2021,Taiwan,48.0,2470409.0,0.00002
8,2021,Tajikistan,3.0,0.0,0.00000
8,2021,Thailand,6732.0,13686109.0,0.00049
8,2021,Timor,41.0,0.0,0.00000
8,2021,Turkey,5378.0,20894887.0,0.00026
8,2021,Turkmenistan,0.0,0.0,0.00000
8,2021,United Arab Emirates,92.0,1141811.0,0.00008
8,2021,Uzbekistan,208.0,2599828.0,0.00008
8,2021,Vietnam,9758.0,14006515.0,0.00070
8,2021,Yemen,97.0,0.0,0.00000
8,2022,Afghanistan,29.0,0.0,0.00000
8,2022,Armenia,22.0,0.0,0.00000
8,2022,Azerbaijan,57.0,16175.0,0.00352
8,2022,Bahrain,6.0,6259.0,0.00096
8,2022,Bangladesh,32.0,0.0,0.00000
8,2022,Bhutan,0.0,0.0,0.00000
8,2022,Brunei,0.0,0.0,0.00000
8,2022,Cambodia,0.0,0.0,0.00000
8,2022,China,7.0,9109000.0,0.00000
8,2022,Georgia,30.0,0.0,0.00000
8,2022,Hong Kong,187.0,582058.0,0.00032
8,2022,India,1515.0,75028447.0,0.00002
8,2022,Indonesia,573.0,0.0,0.00000
8,2022,Iran,1869.0,0.0,0.00000
8,2022,Iraq,31.0,0.0,0.00000
8,2022,Israel,244.0,9553.0,0.02554
8,2022,Japan,7329.0,17352566.0,0.00042
8,2022,Jordan,36.0,0.0,0.00000
8,2022,Kazakhstan,19.0,0.0,0.00000
8,2022,Kuwait,4.0,0.0,0.00000
8,2022,Kyrgyzstan,0.0,33722.0,0.00000
8,2022,Laos,0.0,0.0,0.00000
8,2022,Lebanon,95.0,0.0,0.00000
8,2022,Macao,0.0,31900.0,0.00000
8,2022,Malaysia,269.0,195392.0,0.00138
8,2022,Maldives,1.0,0.0,0.00000
8,2022,Mongolia,9.0,0.0,0.00000
8,2022,Myanmar,4.0,0.0,0.00000
8,2022,Nepal,34.0,0.0,0.00000
8,2022,North Korea,0.0,0.0,0.00000
8,2022,Northern Cyprus,0.0,0.0,0.00000
8,2022,Oman,0.0,0.0,0.00000
8,2022,Pakistan,94.0,3584250.0,0.00003
8,2022,Palestine,26.0,0.0,0.00000
8,2022,Philippines,1087.0,0.0,0.00000
8,2022,Qatar,0.0,0.0,0.00000
8,2022,Saudi Arabia,44.0,0.0,0.00000
8,2022,Singapore,92.0,51121.0,0.00180
8,2022,South Korea,1808.0,1702003.0,0.00106
8,2022,Sri Lanka,142.0,0.0,0.00000
8,2022,Syria,13.0,30134.0,0.00043
8,2022,Taiwan,987.0,903063.0,0.00109
8,2022,Tajikistan,0.0,0.0,0.00000
8,2022,Thailand,924.0,1193480.0,0.00077
8,2022,Timor,5.0,0.0,0.00000
8,2022,Turkey,1059.0,1480438.0,0.00072
8,2022,Turkmenistan,0.0,0.0,0.00000
8,2022,United Arab Emirates,6.0,0.0,0.00000
8,2022,Uzbekistan,0.0,0.0,0.00000
8,2022,Vietnam,24.0,0.0,0.00000
8,2022,Yemen,4.0,0.0,0.00000
9,2020,Afghanistan,56.0,0.0,0.00000
9,2020,Armenia,80.0,0.0,0.00000
9,2020,Azerbaijan,57.0,0.0,0.00000
9,2020,Bahrain,61.0,0.0,0.00000
9,2020,Bangladesh,970.0,0.0,0.00000
9,2020,Bhutan,0.0,0.0,0.00000
9,2020,Brunei,0.0,0.0,0.00000
9,2020,Cambodia,0.0,0.0,0.00000
9,2020,China,1.0,0.0,0.00000
9,2020,Georgia,17.0,0.0,0.00000
9,2020,Hong Kong,16.0,0.0,0.00000
9,2020,India,33390.0,0.0,0.00000
9,2020,Indonesia,3323.0,0.0,0.00000
9,2020,Iran,4598.0,0.0,0.00000
9,2020,Iraq,2139.0,0.0,0.00000
9,2020,Israel,651.0,0.0,0.00000
9,2020,Japan,275.0,0.0,0.00000
9,2020,Jordan,46.0,0.0,0.00000
9,2020,Kazakhstan,197.0,0.0,0.00000
9,2020,Kuwait,79.0,0.0,0.00000
9,2020,Kyrgyzstan,6.0,0.0,0.00000
9,2020,Laos,0.0,0.0,0.00000
9,2020,Lebanon,200.0,0.0,0.00000
9,2020,Macao,0.0,0.0,0.00000
9,2020,Malaysia,9.0,0.0,0.00000
9,2020,Maldives,6.0,0.0,0.00000
9,2020,Mongolia,0.0,0.0,0.00000
9,2020,Myanmar,304.0,0.0,0.00000
9,2020,Nepal,270.0,0.0,0.00000
9,2020,North Korea,0.0,0.0,0.00000
9,2020,Oman,250.0,0.0,0.00000
9,2020,Pakistan,190.0,0.0,0.00000
9,2020,Palestine,159.0,0.0,0.00000
9,2020,Philippines,1946.0,0.0,0.00000
9,2020,Qatar,17.0,0.0,0.00000
9,2020,Saudi Arabia,871.0,0.0,0.00000
9,2020,Singapore,0.0,0.0,0.00000
9,2020,South Korea,91.0,0.0,0.00000
9,2020,Sri Lanka,1.0,0.0,0.00000
9,2020,Syria,88.0,0.0,0.00000
9,2020,Taiwan,0.0,0.0,0.00000
9,2020,Tajikistan,7.0,0.0,0.00000
9,2020,Thailand,1.0,0.0,0.00000
9,2020,Timor,0.0,0.0,0.00000
9,2020,Turkey,1825.0,0.0,0.00000
9,2020,United Arab Emirates,35.0,0.0,0.00000
9,2020,Uzbekistan,150.0,0.0,0.00000
9,2020,Vietnam,1.0,0.0,0.00000
9,2020,Yemen,21.0,0.0,0.00000
9,2021,Afghanistan,86.0,0.0,0.00000
9,2021,Armenia,475.0,0.0,0.00000
9,2021,Azerbaijan,889.0,1202990.0,0.00074
9,2021,Bahrain,1.0,101034.0,0.00001
9,2021,Bangladesh,1315.0,18962130.0,0.00007
9,2021,Bhutan,0.0,0.0,0.00000
9,2021,Brunei,33.0,0.0,0.00000
9,2021,Cambodia,416.0,5186698.0,0.00008
9,2021,China,12.0,143863000.0,0.00000
9,2021,Georgia,1538.0,206339.0,0.00745
9,2021,Hong Kong,1.0,1088500.0,0.00000
9,2021,India,9319.0,241626067.0,0.00004
9,2021,Indonesia,8916.0,43225862.0,0.00021
9,2021,Iran,12634.0,1706088.0,0.00741
9,2021,Iraq,1430.0,0.0,0.00000
9,2021,Israel,718.0,1425652.0,0.00050
9,2021,Japan,1584.0,33261462.0,0.00005
9,2021,Jordan,307.0,549688.0,0.00056
9,2021,Kazakhstan,3252.0,2173293.0,0.00150
9,2021,Kuwait,30.0,0.0,0.00000
9,2021,Kyrgyzstan,79.0,280605.0,0.00028
9,2021,Laos,4.0,144416.0,0.00003
9,2021,Lebanon,272.0,456395.0,0.00060
9,2021,Macao,0.0,4883.0,0.00000
9,2021,Malaysia,9671.0,9402901.0,0.00103
9,2021,Maldives,5.0,36826.0,0.00014
9,2021,Mongolia,368.0,40042.0,0.00919
9,2021,Myanmar,2346.0,0.0,0.00000
9,2021,Nepal,385.0,3494204.0,0.00011
9,2021,North Korea,0.0,0.0,0.00000
9,2021,Northern Cyprus,0.0,0.0,0.00000
9,2021,Oman,32.0,0.0,0.00000
9,2021,Pakistan,1896.0,11889664.0,0.00016
9,2021,Palestine,418.0,690933.0,0.00060
9,2021,Philippines,4846.0,4554029.0,0.00106
9,2021,Qatar,4.0,149336.0,0.00003
9,2021,Saudi Arabia,204.0,4976527.0,0.00004
9,2021,Singapore,40.0,580386.0,0.00007
9,2021,South Korea,205.0,19769501.0,0.00001
9,2021,Sri Lanka,3721.0,6106228.0,0.00061
9,2021,Syria,234.0,0.0,0.00000
9,2021,Taiwan,7.0,4101789.0,0.00000
9,2021,Tajikistan,0.0,113265.0,0.00000
9,2021,Thailand,5138.0,13423015.0,0.00038
9,2021,Timor,50.0,7881.0,0.00634
9,2021,Turkey,7344.0,14566557.0,0.00050
9,2021,Turkmenistan,0.0,0.0,0.00000
9,2021,United Arab Emirates,56.0,1599258.0,0.00004
9,2021,Uzbekistan,157.0,1675883.0,0.00009
9,2021,Vietnam,8237.0,22677776.0,0.00036
9,2021,Yemen,249.0,0.0,0.00000
9,2022,Afghanistan,23.0,9447.0,0.00243
9,2022,Armenia,28.0,0.0,0.00000
9,2022,Azerbaijan,112.0,0.0,0.00000
9,2022,Bahrain,5.0,3722.0,0.00134
9,2022,Bangladesh,40.0,240397.0,0.00017
9,2022,Bhutan,0.0,0.0,0.00000
9,2022,Brunei,0.0,0.0,0.00000
9,2022,Cambodia,0.0,0.0,0.00000
9,2022,China,2.0,4133000.0,0.00000
9,2022,Georgia,22.0,0.0,0.00000
9,2022,Hong Kong,471.0,790569.0,0.00060
9,2022,India,744.0,61272361.0,0.00001
9,2022,Indonesia,546.0,0.0,0.00000
9,2022,Iran,559.0,0.0,0.00000
9,2022,Iraq,9.0,0.0,0.00000
9,2022,Israel,78.0,19294.0,0.00404
9,2022,Japan,4976.0,7749293.0,0.00064
9,2022,Jordan,12.0,0.0,0.00000
9,2022,Kazakhstan,9.0,0.0,0.00000
9,2022,Kuwait,0.0,0.0,0.00000
9,2022,Kyrgyzstan,0.0,50948.0,0.00000
9,2022,Laos,1.0,0.0,0.00000
9,2022,Lebanon,49.0,0.0,0.00000
9,2022,Macao,0.0,9558.0,0.00000
9,2022,Malaysia,158.0,77288.0,0.00204
9,2022,Maldives,0.0,0.0,0.00000
9,2022,Mongolia,3.0,0.0,0.00000
9,2022,Myanmar,21.0,0.0,0.00000
9,2022,Nepal,17.0,0.0,0.00000
9,2022,North Korea,0.0,0.0,0.00000
9,2022,Northern Cyprus,0.0,0.0,0.00000
9,2022,Oman,0.0,0.0,0.00000
9,2022,Pakistan,35.0,2849087.0,0.00001
9,2022,Palestine,3.0,0.0,0.00000
9,2022,Philippines,1133.0,0.0,0.00000
9,2022,Qatar,1.0,0.0,0.00000
9,2022,Saudi Arabia,57.0,0.0,0.00000
9,2022,Singapore,26.0,39513.0,0.00066
9,2022,South Korea,1569.0,330721.0,0.00474
9,2022,Sri Lanka,63.0,0.0,0.00000
9,2022,Syria,0.0,0.0,0.00000
9,2022,Taiwan,1139.0,824269.0,0.00138
9,2022,Tajikistan,0.0,0.0,0.00000
9,2022,Thailand,443.0,606164.0,0.00073
9,2022,Timor,0.0,0.0,0.00000
9,2022,Turkey,739.0,304488.0,0.00243
9,2022,Turkmenistan,0.0,0.0,0.00000
9,2022,United Arab Emirates,4.0,0.0,0.00000
9,2022,Uzbekistan,0.0,0.0,0.00000
9,2022,Vietnam,31.0,0.0,0.00000
9,2022,Yemen,2.0,0.0,0.00000
10,2020,Afghanistan,71.0,0.0,0.00000
10,2020,Armenia,382.0,0.0,0.00000
10,2020,Azerbaijan,139.0,0.0,0.00000
10,2020,Bahrain,70.0,0.0,0.00000
10,2020,Bangladesh,672.0,0.0,0.00000
10,2020,Bhutan,0.0,0.0,0.00000
10,2020,Brunei,0.0,0.0,0.00000
10,2020,Cambodia,0.0,0.0,0.00000
10,2020,China,1.0,0.0,0.00000
10,2020,Georgia,271.0,0.0,0.00000
10,2020,Hong Kong,0.0,0.0,0.00000
10,2020,India,23433.0,0.0,0.00000
10,2020,Indonesia,3129.0,0.0,0.00000
10,2020,Iran,8695.0,0.0,0.00000
10,2020,Iraq,1729.0,0.0,0.00000
10,2020,Israel,957.0,0.0,0.00000
10,2020,Japan,195.0,0.0,0.00000
10,2020,Jordan,768.0,0.0,0.00000
10,2020,Kazakhstan,144.0,0.0,0.00000
10,2020,Kuwait,169.0,0.0,0.00000
10,2020,Kyrgyzstan,80.0,0.0,0.00000
10,2020,Laos,0.0,0.0,0.00000
10,2020,Lebanon,270.0,0.0,0.00000
10,2020,Macao,0.0,0.0,0.00000
10,2020,Malaysia,127.0,0.0,0.00000
10,2020,Maldives,4.0,0.0,0.00000
10,2020,Mongolia,0.0,0.0,0.00000
10,2020,Myanmar,927.0,0.0,0.00000
10,2020,Nepal,439.0,0.0,0.00000
10,2020,North Korea,0.0,0.0,0.00000
10,2020,Oman,273.0,0.0,0.00000
10,2020,Pakistan,339.0,0.0,0.00000
10,2020,Palestine,172.0,0.0,0.00000
10,2020,Philippines,1717.0,0.0,0.00000
10,2020,Qatar,18.0,0.0,0.00000
10,2020,Saudi Arabia,634.0,0.0,0.00000
10,2020,Singapore,1.0,0.0,0.00000
10,2020,South Korea,51.0,0.0,0.00000
10,2020,Sri Lanka,7.0,0.0,0.00000
10,2020,Syria,88.0,0.0,0.00000
10,2020,Taiwan,0.0,0.0,0.00000
10,2020,Tajikistan,7.0,0.0,0.00000
10,2020,Thailand,0.0,0.0,0.00000
10,2020,Timor,0.0,0.0,0.00000
10,2020,Turkey,2057.0,0.0,0.00000
10,2020,United Arab Emirates,76.0,0.0,0.00000
10,2020,Uzbekistan,96.0,0.0,0.00000
10,2020,Vietnam,0.0,0.0,0.00000
10,2020,Yemen,12.0,0.0,0.00000
10,2021,Afghanistan,76.0,0.0,0.00000
10,2021,Armenia,1009.0,0.0,0.00000
10,2021,Azerbaijan,549.0,898789.0,0.00061
10,2021,Bahrain,4.0,181187.0,0.00002
10,2021,Bangladesh,358.0,6884827.0,0.00005
10,2021,Bhutan,0.0,0.0,0.00000
10,2021,Brunei,46.0,8678.0,0.00530
10,2021,Cambodia,469.0,3310274.0,0.00014
10,2021,China,10.0,62620000.0,0.00000
10,2021,Georgia,1099.0,43210.0,0.02543
10,2021,Hong Kong,0.0,355185.0,0.00000
10,2021,India,10098.0,176206059.0,0.00006
10,2021,Indonesia,1466.0,51168870.0,0.00003
10,2021,Iran,5875.0,0.0,0.00000
10,2021,Iraq,910.0,0.0,0.00000
10,2021,Israel,339.0,741558.0,0.00046
10,2021,Japan,616.0,23592787.0,0.00003
10,2021,Jordan,320.0,381820.0,0.00084
10,2021,Kazakhstan,1171.0,1613599.0,0.00073
10,2021,Kuwait,12.0,0.0,0.00000
10,2021,Kyrgyzstan,64.0,281734.0,0.00023
10,2021,Laos,47.0,0.0,0.00000
10,2021,Lebanon,177.0,275333.0,0.00064
10,2021,Macao,0.0,4622.0,0.00000
10,2021,Malaysia,2577.0,5726276.0,0.00045
10,2021,Maldives,12.0,13752.0,0.00087
10,2021,Mongolia,457.0,8513.0,0.05368
10,2021,Myanmar,962.0,0.0,0.00000
10,2021,Nepal,272.0,977699.0,0.00028
10,2021,North Korea,0.0,0.0,0.00000
10,2021,Northern Cyprus,0.0,0.0,0.00000
10,2021,Oman,15.0,0.0,0.00000
10,2021,Pakistan,671.0,2791783.0,0.00024
10,2021,Palestine,565.0,98423.0,0.00574
10,2021,Philippines,4878.0,8990378.0,0.00054
10,2021,Qatar,4.0,114249.0,0.00004
10,2021,Saudi Arabia,78.0,3611147.0,0.00002
10,2021,Singapore,312.0,806907.0,0.00039
10,2021,South Korea,361.0,14775772.0,0.00002
10,2021,Sri Lanka,837.0,2348353.0,0.00036
10,2021,Syria,311.0,0.0,0.00000
10,2021,Taiwan,5.0,7008118.0,0.00000
10,2021,Tajikistan,0.0,0.0,0.00000
10,2021,Thailand,2478.0,19468115.0,0.00013
10,2021,Timor,5.0,0.0,0.00000
10,2021,Turkey,6557.0,6785338.0,0.00097
10,2021,Turkmenistan,0.0,0.0,0.00000
10,2021,United Arab Emirates,39.0,860864.0,0.00005
10,2021,Uzbekistan,84.0,3561506.0,0.00002
10,2021,Vietnam,2782.0,25999970.0,0.00011
10,2021,Yemen,168.0,0.0,0.00000
10,2022,Afghanistan,22.0,0.0,0.00000
10,2022,Armenia,26.0,0.0,0.00000
10,2022,Azerbaijan,27.0,0.0,0.00000
10,2022,Bahrain,8.0,2333.0,0.00343
10,2022,Bangladesh,60.0,0.0,0.00000
10,2022,Bhutan,0.0,0.0,0.00000
10,2022,Brunei,0.0,0.0,0.00000
10,2022,Cambodia,0.0,0.0,0.00000
10,2022,China,3.0,2891000.0,0.00000
10,2022,Georgia,12.0,0.0,0.00000
10,2022,Hong Kong,236.0,368653.0,0.00064
10,2022,India,422.0,10023819.0,0.00004
10,2022,Indonesia,519.0,0.0,0.00000
10,2022,Iran,150.0,0.0,0.00000
10,2022,Iraq,3.0,0.0,0.00000
10,2022,Israel,69.0,87182.0,0.00079
10,2022,Japan,1847.0,7496889.0,0.00025
10,2022,Jordan,0.0,0.0,0.00000
10,2022,Kazakhstan,2.0,0.0,0.00000
10,2022,Kuwait,5.0,0.0,0.00000
10,2022,Kyrgyzstan,0.0,47561.0,0.00000
10,2022,Laos,0.0,0.0,0.00000
10,2022,Lebanon,32.0,0.0,0.00000
10,2022,Macao,0.0,0.0,0.00000
10,2022,Malaysia,101.0,39332.0,0.00257
10,2022,Maldives,0.0,0.0,0.00000
10,2022,Mongolia,0.0,0.0,0.00000
10,2022,Myanmar,23.0,0.0,0.00000
10,2022,Nepal,1.0,0.0,0.00000
10,2022,North Korea,0.0,0.0,0.00000
10,2022,Northern Cyprus,0.0,0.0,0.00000
10,2022,Oman,0.0,0.0,0.00000
10,2022,Pakistan,10.0,1071933.0,0.00001
10,2022,Palestine,1.0,0.0,0.00000
10,2022,Philippines,1127.0,0.0,0.00000
10,2022,Qatar,2.0,0.0,0.00000
10,2022,Saudi Arabia,55.0,0.0,0.00000
10,2022,Singapore,62.0,31902.0,0.00194
10,2022,South Korea,764.0,142012.0,0.00538
10,2022,Sri Lanka,19.0,0.0,0.00000
10,2022,Syria,0.0,0.0,0.00000
10,2022,Taiwan,1778.0,946080.0,0.00188
10,2022,Tajikistan,0.0,0.0,0.00000
10,2022,Thailand,184.0,0.0,0.00000
10,2022,Timor,0.0,0.0,0.00000
10,2022,Turkey,64.0,135595.0,0.00047
10,2022,United Arab Emirates,3.0,0.0,0.00000
10,2022,Uzbekistan,0.0,0.0,0.00000
10,2022,Vietnam,18.0,0.0,0.00000
10,2022,Yemen,1.0,0.0,0.00000
11,2020,Afghanistan,230.0,0.0,0.00000
11,2020,Armenia,823.0,0.0,0.00000
11,2020,Azerbaijan,662.0,0.0,0.00000
11,2020,Bahrain,20.0,0.0,0.00000
11,2020,Bangladesh,721.0,0.0,0.00000
11,2020,Bhutan,0.0,0.0,0.00000
11,2020,Brunei,0.0,0.0,0.00000
11,2020,Cambodia,0.0,0.0,0.00000
11,2020,China,9.0,0.0,0.00000
11,2020,Georgia,960.0,0.0,0.00000
11,2020,Hong Kong,4.0,0.0,0.00000
11,2020,India,15510.0,0.0,0.00000
11,2020,Indonesia,3076.0,0.0,0.00000
11,2020,Iran,13382.0,0.0,0.00000
11,2020,Iraq,1348.0,0.0,0.00000
11,2020,Israel,311.0,0.0,0.00000
11,2020,Japan,382.0,0.0,0.00000
11,2020,Jordan,1922.0,0.0,0.00000
11,2020,Kazakhstan,258.0,0.0,0.00000
11,2020,Kuwait,101.0,0.0,0.00000
11,2020,Kyrgyzstan,131.0,0.0,0.00000
11,2020,Laos,0.0,0.0,0.00000
11,2020,Lebanon,381.0,0.0,0.00000
11,2020,Macao,0.0,0.0,0.00000
11,2020,Malaysia,97.0,0.0,0.00000
11,2020,Maldives,8.0,0.0,0.00000
11,2020,Mongolia,0.0,0.0,0.00000
11,2020,Myanmar,704.0,0.0,0.00000
11,2020,Nepal,571.0,0.0,0.00000
11,2020,North Korea,0.0,0.0,0.00000
11,2020,Oman,215.0,0.0,0.00000
11,2020,Pakistan,1268.0,0.0,0.00000
11,2020,Palestine,249.0,0.0,0.00000
11,2020,Philippines,1171.0,0.0,0.00000
11,2020,Qatar,5.0,0.0,0.00000
11,2020,Saudi Arabia,494.0,0.0,0.00000
11,2020,Singapore,1.0,0.0,0.00000
11,2020,South Korea,60.0,0.0,0.00000
11,2020,Sri Lanka,98.0,0.0,0.00000
11,2020,Syria,129.0,0.0,0.00000
11,2020,Taiwan,0.0,0.0,0.00000
11,2020,Tajikistan,4.0,0.0,0.00000
11,2020,Thailand,1.0,0.0,0.00000
11,2020,Timor,0.0,0.0,0.00000
11,2020,Turkey,3494.0,0.0,0.00000
11,2020,United Arab Emirates,77.0,0.0,0.00000
11,2020,Uzbekistan,44.0,0.0,0.00000
11,2020,Vietnam,0.0,0.0,0.00000
11,2020,Yemen,6.0,0.0,0.00000
11,2021,Afghanistan,28.0,0.0,0.00000
11,2021,Armenia,1239.0,0.0,0.00000
11,2021,Azerbaijan,782.0,602592.0,0.00130
11,2021,Bahrain,1.0,156929.0,0.00001
11,2021,Bangladesh,113.0,16980584.0,0.00001
11,2021,Bhutan,0.0,0.0,0.00000
11,2021,Brunei,9.0,112227.0,0.00008
11,2021,Cambodia,152.0,1059154.0,0.00014
11,2021,China,10.0,233903000.0,0.00000
11,2021,Georgia,2009.0,65191.0,0.03082
11,2021,Hong Kong,0.0,413871.0,0.00000
11,2021,India,10810.0,174423791.0,0.00006
11,2021,Indonesia,425.0,41478075.0,0.00001
11,2021,Iran,3527.0,171719.0,0.02054
11,2021,Iraq,650.0,0.0,0.00000
11,2021,Israel,96.0,263838.0,0.00036
11,2021,Japan,93.0,6195324.0,0.00002
11,2021,Jordan,570.0,348760.0,0.00163
11,2021,Kazakhstan,767.0,967752.0,0.00079
11,2021,Kuwait,4.0,0.0,0.00000
11,2021,Kyrgyzstan,75.0,260690.0,0.00029
11,2021,Laos,105.0,0.0,0.00000
11,2021,Lebanon,223.0,288006.0,0.00077
11,2021,Macao,0.0,6352.0,0.00000
11,2021,Malaysia,1513.0,3015046.0,0.00050
11,2021,Maldives,7.0,12099.0,0.00058
11,2021,Mongolia,269.0,8494.0,0.03167
11,2021,Myanmar,407.0,0.0,0.00000
11,2021,Nepal,119.0,0.0,0.00000
11,2021,North Korea,0.0,0.0,0.00000
11,2021,Northern Cyprus,0.0,0.0,0.00000
11,2021,Oman,2.0,0.0,0.00000
11,2021,Pakistan,281.0,11184561.0,0.00003
11,2021,Palestine,133.0,0.0,0.00000
11,2021,Philippines,5373.0,10881418.0,0.00049
11,2021,Qatar,1.0,96987.0,0.00001
11,2021,Saudi Arabia,42.0,1523695.0,0.00003
11,2021,Singapore,311.0,701861.0,0.00044
11,2021,South Korea,801.0,6892440.0,0.00012
11,2021,Sri Lanka,603.0,444616.0,0.00136
11,2021,Syria,191.0,0.0,0.00000
11,2021,Taiwan,1.0,5420053.0,0.00000
11,2021,Tajikistan,0.0,0.0,0.00000
11,2021,Thailand,1566.0,15530733.0,0.00010
11,2021,Timor,0.0,0.0,0.00000
11,2021,Turkey,6231.0,4109700.0,0.00152
11,2021,Turkmenistan,0.0,0.0,0.00000
11,2021,United Arab Emirates,11.0,649882.0,0.00002
11,2021,Uzbekistan,79.0,3904994.0,0.00002
11,2021,Vietnam,3169.0,28697044.0,0.00011
11,2021,Yemen,61.0,0.0,0.00000
11,2022,Afghanistan,11.0,51387.0,0.00021
11,2022,Armenia,1.0,0.0,0.00000
11,2022,Azerbaijan,36.0,0.0,0.00000
11,2022,Bahrain,8.0,2072.0,0.00386
11,2022,Bangladesh,10.0,2937598.0,0.00000
11,2022,Bhutan,0.0,0.0,0.00000
11,2022,Brunei,0.0,0.0,0.00000
11,2022,Cambodia,0.0,0.0,0.00000
11,2022,China,7.0,3947000.0,0.00000
11,2022,Georgia,15.0,0.0,0.00000
11,2022,Hong Kong,350.0,163594.0,0.00214
11,2022,India,1545.0,2708946.0,0.00057
11,2022,Indonesia,1199.0,0.0,0.00000
11,2022,Iran,57.0,0.0,0.00000
11,2022,Iraq,6.0,0.0,0.00000
11,2022,Israel,97.0,146256.0,0.00066
11,2022,Japan,2897.0,18862085.0,0.00015
11,2022,Jordan,0.0,0.0,0.00000
11,2022,Kazakhstan,1.0,0.0,0.00000
11,2022,Kuwait,2.0,1046.0,0.00191
11,2022,Kyrgyzstan,0.0,23663.0,0.00000
11,2022,Laos,0.0,0.0,0.00000
11,2022,Lebanon,29.0,0.0,0.00000
11,2022,Macao,0.0,0.0,0.00000
11,2022,Malaysia,209.0,87892.0,0.00238
11,2022,Maldives,3.0,0.0,0.00000
11,2022,Mongolia,3.0,0.0,0.00000
11,2022,Myanmar,6.0,0.0,0.00000
11,2022,Nepal,0.0,33262.0,0.00000
11,2022,North Korea,0.0,0.0,0.00000
11,2022,Northern Cyprus,0.0,0.0,0.00000
11,2022,Oman,0.0,0.0,0.00000
11,2022,Pakistan,6.0,1039639.0,0.00001
11,2022,Palestine,0.0,0.0,0.00000
11,2022,Philippines,567.0,0.0,0.00000
11,2022,Qatar,1.0,0.0,0.00000
11,2022,Saudi Arabia,57.0,0.0,0.00000
11,2022,Singapore,23.0,0.0,0.00000
11,2022,South Korea,1359.0,115384.0,0.01178
11,2022,Sri Lanka,23.0,0.0,0.00000
11,2022,Syria,0.0,0.0,0.00000
11,2022,Taiwan,1503.0,474294.0,0.00317
11,2022,Tajikistan,0.0,0.0,0.00000
11,2022,Thailand,225.0,0.0,0.00000
11,2022,Timor,0.0,0.0,0.00000
11,2022,Turkey,0.0,5221.0,0.00000
11,2022,United Arab Emirates,0.0,0.0,0.00000
11,2022,Uzbekistan,0.0,0.0,0.00000
11,2022,Vietnam,12.0,0.0,0.00000
11,2022,Yemen,1.0,0.0,0.00000
12,2020,Afghanistan,426.0,0.0,0.00000
12,2020,Armenia,659.0,0.0,0.00000
12,2020,Azerbaijan,1249.0,0.0,0.00000
12,2020,Bahrain,11.0,19678.0,0.00056
12,2020,Bangladesh,915.0,0.0,0.00000
12,2020,Bhutan,0.0,0.0,0.00000
12,2020,Brunei,0.0,0.0,0.00000
12,2020,Cambodia,0.0,0.0,0.00000
12,2020,China,15.0,0.0,0.00000
12,2020,Georgia,1238.0,0.0,0.00000
12,2020,Hong Kong,39.0,0.0,0.00000
12,2020,India,11373.0,0.0,0.00000
12,2020,Indonesia,5193.0,0.0,0.00000
12,2020,Iran,6977.0,0.0,0.00000
12,2020,Iraq,555.0,0.0,0.00000
12,2020,Israel,453.0,992181.0,0.00046
12,2020,Japan,1340.0,0.0,0.00000
12,2020,Jordan,1083.0,0.0,0.00000
12,2020,Kazakhstan,272.0,0.0,0.00000
12,2020,Kuwait,54.0,0.0,0.00000
12,2020,Kyrgyzstan,80.0,0.0,0.00000
12,2020,Laos,0.0,0.0,0.00000
12,2020,Lebanon,450.0,0.0,0.00000
12,2020,Macao,0.0,0.0,0.00000
12,2020,Malaysia,111.0,0.0,0.00000
12,2020,Maldives,2.0,0.0,0.00000
12,2020,Mongolia,1.0,0.0,0.00000
12,2020,Myanmar,741.0,0.0,0.00000
12,2020,Nepal,348.0,0.0,0.00000
12,2020,North Korea,0.0,0.0,0.00000
12,2020,Oman,76.0,4799.0,0.01584
12,2020,Pakistan,2085.0,0.0,0.00000
12,2020,Palestine,668.0,0.0,0.00000
12,2020,Philippines,852.0,0.0,0.00000
12,2020,Qatar,8.0,0.0,0.00000
12,2020,Saudi Arabia,327.0,0.0,0.00000
12,2020,Singapore,0.0,52.0,0.00000
12,2020,South Korea,391.0,0.0,0.00000
12,2020,Sri Lanka,86.0,0.0,0.00000
12,2020,Syria,294.0,0.0,0.00000
12,2020,Taiwan,0.0,0.0,0.00000
12,2020,Tajikistan,4.0,0.0,0.00000
12,2020,Thailand,1.0,0.0,0.00000
12,2020,Timor,0.0,0.0,0.00000
12,2020,Turkey,7135.0,0.0,0.00000
12,2020,United Arab Emirates,97.0,0.0,0.00000
12,2020,Uzbekistan,4.0,0.0,0.00000
12,2020,Vietnam,0.0,0.0,0.00000
12,2020,Yemen,5.0,0.0,0.00000
12,2021,Afghanistan,48.0,0.0,0.00000
12,2021,Armenia,407.0,0.0,0.00000
12,2021,Azerbaijan,502.0,797551.0,0.00063
12,2021,Bahrain,0.0,297942.0,0.00000
12,2021,Bangladesh,91.0,8813795.0,0.00001
12,2021,Bhutan,0.0,0.0,0.00000
12,2021,Brunei,1.0,39328.0,0.00003
12,2021,Cambodia,72.0,1647617.0,0.00004
12,2021,China,14.0,327357000.0,0.00000
12,2021,Georgia,1746.0,169073.0,0.01033
12,2021,Hong Kong,0.0,467849.0,0.00000
12,2021,India,12239.0,211810280.0,0.00006
12,2021,Indonesia,264.0,39909878.0,0.00001
12,2021,Iran,1776.0,0.0,0.00000
12,2021,Iraq,338.0,0.0,0.00000
12,2021,Israel,47.0,522319.0,0.00009
12,2021,Japan,32.0,2312678.0,0.00001
12,2021,Jordan,1045.0,329082.0,0.00318
12,2021,Kazakhstan,366.0,702960.0,0.00052
12,2021,Kuwait,3.0,11920.0,0.00025
12,2021,Kyrgyzstan,56.0,175190.0,0.00032
12,2021,Laos,202.0,0.0,0.00000
12,2021,Lebanon,394.0,693359.0,0.00057
12,2021,Macao,0.0,17334.0,0.00000
12,2021,Malaysia,1062.0,4125376.0,0.00026
12,2021,Maldives,12.0,11487.0,0.00104
12,2021,Mongolia,56.0,869427.0,0.00006
12,2021,Myanmar,164.0,0.0,0.00000
12,2021,Nepal,68.0,0.0,0.00000
12,2021,North Korea,0.0,0.0,0.00000
12,2021,Northern Cyprus,0.0,0.0,0.00000
12,2021,Oman,3.0,0.0,0.00000
12,2021,Pakistan,196.0,14290992.0,0.00001
12,2021,Palestine,123.0,0.0,0.00000
12,2021,Philippines,2959.0,10203273.0,0.00029
12,2021,Qatar,7.0,171353.0,0.00004
12,2021,Saudi Arabia,41.0,3362765.0,0.00001
12,2021,Singapore,110.0,842732.0,0.00013
12,2021,South Korea,1966.0,18274849.0,0.00011
12,2021,Sri Lanka,633.0,4037490.0,0.00016
12,2021,Syria,148.0,0.0,0.00000
12,2021,Taiwan,2.0,2582659.0,0.00000
12,2021,Tajikistan,0.0,0.0,0.00000
12,2021,Thailand,927.0,10577788.0,0.00009
12,2021,Timor,0.0,0.0,0.00000
12,2021,Turkey,5519.0,11255354.0,0.00049
12,2021,Turkmenistan,0.0,0.0,0.00000
12,2021,United Arab Emirates,17.0,287958.0,0.00006
12,2021,Uzbekistan,83.0,2857225.0,0.00003
12,2021,Vietnam,7142.0,11273507.0,0.00063
12,2021,Yemen,34.0,0.0,0.00000
12,2022,Afghanistan,12.0,0.0,0.00000
12,2022,Armenia,2.0,0.0,0.00000
12,2022,Azerbaijan,19.0,0.0,0.00000
12,2022,Bahrain,3.0,90.0,0.03333
12,2022,Bangladesh,5.0,3357031.0,0.00000
12,2022,Bhutan,0.0,0.0,0.00000
12,2022,Brunei,0.0,0.0,0.00000
12,2022,Cambodia,0.0,0.0,0.00000
12,2022,China,9.0,17749000.0,0.00000
12,2022,Georgia,7.0,0.0,0.00000
12,2022,Hong Kong,587.0,189491.0,0.00310
12,2022,India,59.0,933097.0,0.00006
12,2022,Indonesia,636.0,0.0,0.00000
12,2022,Iran,39.0,0.0,0.00000
12,2022,Iraq,9.0,0.0,0.00000
12,2022,Israel,118.0,62639.0,0.00188
12,2022,Japan,4382.0,14727727.0,0.00030
12,2022,Jordan,0.0,0.0,0.00000
12,2022,Kazakhstan,4.0,0.0,0.00000
12,2022,Kuwait,0.0,332.0,0.00000
12,2022,Kyrgyzstan,0.0,22634.0,0.00000
12,2022,Laos,0.0,0.0,0.00000
12,2022,Lebanon,6.0,0.0,0.00000
12,2022,Macao,7.0,0.0,0.00000
12,2022,Malaysia,137.0,46971.0,0.00292
12,2022,Maldives,0.0,0.0,0.00000
12,2022,Mongolia,1.0,0.0,0.00000
12,2022,Myanmar,1.0,0.0,0.00000
12,2022,Nepal,0.0,0.0,0.00000
12,2022,North Korea,0.0,0.0,0.00000
12,2022,Northern Cyprus,0.0,0.0,0.00000
12,2022,Oman,0.0,0.0,0.00000
12,2022,Pakistan,3.0,129470.0,0.00002
12,2022,Palestine,0.0,0.0,0.00000
12,2022,Philippines,501.0,0.0,0.00000
12,2022,Qatar,0.0,0.0,0.00000
12,2022,Saudi Arabia,38.0,0.0,0.00000
12,2022,Singapore,7.0,0.0,0.00000
12,2022,South Korea,1043.0,22624.0,0.04610
12,2022,Sri Lanka,11.0,0.0,0.00000
12,2022,Syria,0.0,0.0,0.00000
12,2022,Taiwan,661.0,379957.0,0.00174
12,2022,Tajikistan,0.0,0.0,0.00000
12,2022,Thailand,325.0,0.0,0.00000
12,2022,Timor,0.0,0.0,0.00000
12,2022,Turkey,0.0,0.0,0.00000
12,2022,United Arab Emirates,0.0,0.0,0.00000
12,2022,Uzbekistan,0.0,0.0,0.00000
12,2022,Vietnam,6.0,0.0,0.00000
12,2022,Yemen,0.0,0.0,0.00000
